id,predicted
1,[2.9816442]
2,[2.9722812]
3,[2.5822368]
4,[2.2466292]
5,[2.0601392]
6,[1.5902765]
7,[1.3936734]
8,[1.4137424]
9,[1.422585]
10,[1.6019174]
11,[1.710025]
12,[1.8285073]
13,[1.5670085]
14,[1.8428752]
15,[1.7361857]
16,[2.157133]
17,[1.9133308]
18,[2.6872675]
19,[2.8096008]
20,[3.2620552]
21,[3.3444662]
22,[3.51012]
23,[4.006413]
24,[0.7103244]
25,[0.7257969]
26,[0.7684948]
27,[0.76608014]
28,[0.94856524]
29,[0.7429656]
30,[0.5435692]
31,[0.70305264]
32,[0.90300226]
33,[1.0792961]
34,[1.2532978]
35,[1.5303491]
36,[1.730143]
37,[1.8075254]
38,[2.025091]
39,[2.1940298]
40,[2.500405]
41,[2.668333]
42,[2.8844163]
43,[3.1718946]
44,[3.3462858]
45,[3.6179328]
46,[3.9379194]
47,[0.37862265]
48,[0.29532427]
49,[0.06904554]
50,[0.1432184]
51,[0.24451768]
52,[0.3348583]
53,[0.633034]
54,[0.6341734]
55,[0.46835622]
56,[0.34366542]
57,[0.4773825]
58,[0.6225778]
59,[0.7652995]
60,[0.9173028]
61,[0.84268457]
62,[1.1468481]
63,[1.3495858]
64,[1.6427195]
65,[1.832813]
66,[2.1302664]
67,[2.3672302]
68,[2.6701365]
69,[2.8700023]
70,[1.3577554]
71,[1.2846997]
72,[0.7968191]
73,[0.4059472]
74,[0.5141885]
75,[0.6443346]
76,[0.7969024]
77,[0.7830534]
78,[0.59430444]
79,[0.4277215]
80,[0.48494336]
81,[0.4763609]
82,[0.62170357]
83,[0.5794509]
84,[0.68385524]
85,[0.88981515]
86,[1.0260959]
87,[1.2432806]
88,[1.5674441]
89,[1.9443992]
90,[2.2003949]
91,[2.4630651]
92,[2.6044698]
93,[1.6811923]
94,[1.432609]
95,[1.4951355]
96,[1.3124552]
97,[1.3679736]
98,[1.3028438]
99,[1.1349885]
100,[0.90710354]
101,[0.93524784]
102,[1.0410799]
103,[1.1586707]
104,[1.2461743]
105,[1.342594]
106,[1.4866853]
107,[1.7332773]
108,[1.0787865]
109,[1.1753383]
110,[1.4215012]
111,[1.6633294]
112,[1.9895002]
113,[2.2330716]
114,[2.4761355]
115,[2.7926102]
116,[2.3516521]
117,[2.0646763]
118,[1.683979]
119,[1.3604896]
120,[1.1887355]
121,[1.1422284]
122,[1.2309623]
123,[1.1119307]
124,[1.0865365]
125,[0.9086125]
126,[1.0402093]
127,[1.1436741]
128,[1.2136848]
129,[1.0747521]
130,[1.0875424]
131,[1.1155577]
132,[1.2776407]
133,[1.481606]
134,[1.5161322]
135,[1.6680691]
136,[1.9492209]
137,[2.3242137]
138,[2.4588068]
139,[2.9564862]
140,[2.5671484]
141,[2.3504047]
142,[2.0432794]
143,[1.8753415]
144,[1.3328115]
145,[1.1780901]
146,[1.0846267]
147,[1.0892307]
148,[1.3434998]
149,[1.5802183]
150,[1.7520634]
151,[1.7857494]
152,[1.9728584]
153,[2.2030623]
154,[2.0274885]
155,[1.8872232]
156,[2.4628146]
157,[3.0726519]
158,[3.0772405]
159,[3.3420563]
160,[3.6939197]
161,[3.9046178]
162,[0.819708]
163,[0.8484578]
164,[0.7552842]
165,[0.9496299]
166,[0.95286083]
167,[0.795361]
168,[0.520828]
169,[0.7207907]
170,[0.7474479]
171,[0.97670007]
172,[1.1272168]
173,[1.121235]
174,[1.4873049]
175,[1.6840346]
176,[1.768147]
177,[1.9662956]
178,[2.295807]
179,[2.6562598]
180,[2.8644326]
181,[3.1515973]
182,[3.484552]
183,[3.7156053]
184,[3.9148664]
185,[0.9240229]
186,[0.61484075]
187,[0.4756729]
188,[0.24507862]
189,[0.13253719]
190,[0.21480933]
191,[0.60523766]
192,[0.79488015]
193,[0.62361294]
194,[0.6104466]
195,[0.52367777]
196,[0.6023058]
197,[0.57799536]
198,[0.72287554]
199,[0.8780879]
200,[1.0506272]
201,[1.2695723]
202,[1.4754816]
203,[1.6097347]
204,[1.5185187]
205,[2.1873293]
206,[2.3585727]
207,[2.531448]
208,[2.7659824]
209,[0.93235874]
210,[1.0493968]
211,[1.020571]
212,[0.6906868]
213,[0.38704035]
214,[0.40016943]
215,[0.44874722]
216,[0.49973845]
217,[0.58462554]
218,[0.6171911]
219,[0.9210692]
220,[1.0564644]
221,[1.1615616]
222,[1.5210274]
223,[1.7510315]
224,[2.0126815]
225,[2.313947]
226,[2.5451279]
227,[1.3113112]
228,[1.0145532]
229,[0.7473809]
230,[0.5071515]
231,[0.33196518]
232,[0.53644663]
233,[0.742342]
234,[0.7065507]
235,[0.51099396]
236,[0.23742308]
237,[0.2551403]
238,[0.25477478]
239,[0.25823626]
240,[0.33428386]
241,[0.38187575]
242,[0.5689663]
243,[0.7178301]
244,[0.88810724]
245,[1.0717158]
246,[1.6918756]
247,[1.7521533]
248,[2.0044098]
249,[2.3808196]
250,[1.5565293]
251,[1.3443654]
252,[1.0829124]
253,[0.81181103]
254,[0.5493529]
255,[0.68570167]
256,[0.861899]
257,[0.7701911]
258,[0.6798744]
259,[0.4445702]
260,[0.35626057]
261,[0.3295098]
262,[0.3498348]
263,[0.41135016]
264,[0.58694035]
265,[0.85795546]
266,[1.0368652]
267,[1.2642097]
268,[1.5651234]
269,[1.7150257]
270,[1.8741612]
271,[2.102041]
272,[2.395093]
273,[2.5033789]
274,[1.9394917]
275,[1.7149777]
276,[1.4356328]
277,[1.0464793]
278,[1.1240181]
279,[1.3602784]
280,[1.1760994]
281,[0.9846789]
282,[0.64909184]
283,[0.35466734]
284,[0.37414858]
285,[0.4291513]
286,[0.49800527]
287,[0.6323536]
288,[0.84408313]
289,[1.0759332]
290,[1.126531]
291,[1.3463482]
292,[1.6009054]
293,[1.784406]
294,[2.0889559]
295,[2.2597544]
296,[2.7641137]
297,[2.4620543]
298,[2.303092]
299,[1.8682601]
300,[1.7034886]
301,[1.5718472]
302,[1.2059283]
303,[1.0654838]
304,[0.9789587]
305,[0.9630436]
306,[0.79914105]
307,[0.3129131]
308,[0.7970271]
309,[0.9578385]
310,[1.1424601]
311,[1.1444749]
312,[1.2641261]
313,[1.2947155]
314,[1.5591177]
315,[1.9630499]
316,[2.1950748]
317,[2.705418]
318,[3.025034]
319,[3.3232386]
320,[0.8492042]
321,[0.91396564]
322,[0.8006889]
323,[0.7206818]
324,[0.658621]
325,[0.43510795]
326,[0.37275824]
327,[0.28043407]
328,[0.47078162]
329,[0.5623754]
330,[0.30675358]
331,[0.27135274]
332,[0.41205734]
333,[0.6403568]
334,[0.83199364]
335,[1.0204989]
336,[1.5858116]
337,[1.8827068]
338,[2.0461397]
339,[2.2188466]
340,[2.6361215]
341,[3.0909872]
342,[3.394428]
343,[0.8721427]
344,[1.4542439]
345,[1.3075743]
346,[0.67859936]
347,[0.8410466]
348,[1.2460744]
349,[1.0623797]
350,[0.6752621]
351,[0.26824948]
352,[0.37576887]
353,[0.3672225]
354,[0.7063428]
355,[0.9663197]
356,[1.0400043]
357,[1.2653623]
358,[1.3713875]
359,[1.3328383]
360,[1.564685]
361,[1.7568803]
362,[1.9482774]
363,[2.489657]
364,[2.5555532]
365,[1.0438893]
366,[1.0575154]
367,[0.8910718]
368,[0.66510546]
369,[0.75672305]
370,[0.7414715]
371,[0.7954054]
372,[0.81956816]
373,[0.789104]
374,[0.36648688]
375,[0.26943585]
376,[0.29766876]
377,[0.32434598]
378,[0.33937365]
379,[0.25026292]
380,[0.33353725]
381,[0.6471532]
382,[0.69933873]
383,[0.8265506]
384,[1.020647]
385,[1.1601325]
386,[1.3376241]
387,[1.6191827]
388,[1.864902]
389,[1.7602904]
390,[1.7891753]
391,[1.6746337]
392,[1.1202383]
393,[1.3558524]
394,[0.9008626]
395,[0.8984758]
396,[0.61819744]
397,[0.4568295]
398,[0.26855746]
399,[0.3296058]
400,[0.41002578]
401,[0.6707609]
402,[0.5056242]
403,[0.54782426]
404,[0.79607695]
405,[0.88734883]
406,[1.1089157]
407,[1.2481349]
408,[1.7091434]
409,[2.0784936]
410,[2.0725555]
411,[2.2044063]
412,[1.9334114]
413,[1.840055]
414,[1.6301839]
415,[1.404391]
416,[1.2308493]
417,[0.9928657]
418,[0.93640447]
419,[1.4398829]
420,[1.3162882]
421,[0.56802416]
422,[0.45522016]
423,[0.37377337]
424,[0.37930453]
425,[0.4069135]
426,[0.5014657]
427,[0.6187228]
428,[0.7587831]
429,[0.9077635]
430,[1.0212202]
431,[1.3099879]
432,[1.5764557]
433,[1.8512719]
434,[2.0751038]
435,[2.3674178]
436,[1.7535877]
437,[1.6062269]
438,[1.3765934]
439,[1.0756085]
440,[0.8603852]
441,[0.7300569]
442,[0.6821216]
443,[0.8371142]
444,[0.7029268]
445,[0.5855533]
446,[0.30342022]
447,[0.2894987]
448,[0.3347479]
449,[0.37344974]
450,[0.39028832]
451,[0.45762777]
452,[0.5567308]
453,[0.731867]
454,[0.90530145]
455,[1.0152298]
456,[1.159306]
457,[1.3895488]
458,[1.6971194]
459,[1.9407183]
460,[2.777645]
461,[2.3076248]
462,[2.0449138]
463,[1.7555916]
464,[1.5161211]
465,[1.3579136]
466,[1.2433734]
467,[1.0584341]
468,[0.8647659]
469,[0.6352437]
470,[0.5598154]
471,[0.5084061]
472,[0.52519804]
473,[0.5870166]
474,[0.64083564]
475,[0.73370934]
476,[0.8276699]
477,[1.1416156]
478,[1.2288797]
479,[2.0735054]
480,[2.2439988]
481,[2.4040346]
482,[2.4874277]
483,[2.9122672]
484,[0.7213269]
485,[0.95741343]
486,[1.2932217]
487,[1.3360465]
488,[1.2873044]
489,[1.2111593]
490,[1.1267354]
491,[0.47047734]
492,[0.39451396]
493,[0.6631214]
494,[0.5911921]
495,[0.6317937]
496,[0.5947]
497,[0.7356123]
498,[0.9555922]
499,[1.0914986]
500,[1.2978183]
501,[1.5575501]
502,[1.7536228]
503,[2.0885725]
504,[2.4430747]
505,[2.6601844]
506,[2.9253275]
507,[0.32332945]
508,[0.1569134]
509,[0.11999661]
510,[0.06940752]
511,[0.12158763]
512,[0.15348619]
513,[0.55430204]
514,[0.90676373]
515,[0.42363176]
516,[0.252204]
517,[0.14602923]
518,[0.27996412]
519,[0.23106785]
520,[0.20625064]
521,[0.31493786]
522,[0.6055453]
523,[0.72899944]
524,[0.8728639]
525,[1.0406796]
526,[1.2086844]
527,[1.3899566]
528,[1.6360172]
529,[1.8945804]
530,[0.4217676]
531,[0.307038]
532,[0.16057909]
533,[0.00970089]
534,[0.06855315]
535,[0.02068779]
536,[0.0833663]
537,[0.29598737]
538,[0.4761361]
539,[0.31106985]
540,[0.14943957]
541,[0.12422097]
542,[0.18093286]
543,[0.17029166]
544,[0.2072296]
545,[0.2821541]
546,[0.50496215]
547,[0.607031]
548,[0.76356673]
549,[0.95662904]
550,[1.1176391]
551,[1.4664898]
552,[1.7011307]
553,[1.9712192]
554,[1.4027807]
555,[0.89928335]
556,[1.051096]
557,[0.7753163]
558,[0.72240263]
559,[0.73254055]
560,[0.5648435]
561,[0.4302824]
562,[0.34086362]
563,[0.38618582]
564,[0.16805615]
565,[0.16658781]
566,[0.2245009]
567,[0.25869572]
568,[0.3151019]
569,[0.7924126]
570,[1.0852724]
571,[1.1920103]
572,[1.4013009]
573,[1.5971411]
574,[1.9132272]
575,[2.0619152]
576,[2.3023484]
577,[2.577425]
578,[2.2825985]
579,[2.1924798]
580,[1.9691565]
581,[1.7500937]
582,[1.6121258]
583,[1.4839416]
584,[1.3053315]
585,[1.3204741]
586,[0.80722857]
587,[0.8551655]
588,[0.6569674]
589,[0.6983557]
590,[0.7501827]
591,[0.72009736]
592,[0.75974643]
593,[0.83967507]
594,[0.9235065]
595,[1.0368141]
596,[1.1620463]
597,[1.3725197]
598,[1.7274494]
599,[1.8933462]
600,[2.1261196]
601,[2.4477592]
602,[1.6946265]
603,[1.4496711]
604,[1.2400146]
605,[1.0010478]
606,[0.7541541]
607,[0.76465905]
608,[0.8222227]
609,[0.89513594]
610,[0.6616778]
611,[0.61632156]
612,[0.2495288]
613,[0.43416125]
614,[0.6102125]
615,[0.73583543]
616,[0.7801396]
617,[0.8285776]
618,[1.0092027]
619,[1.2089477]
620,[1.3282641]
621,[1.4726524]
622,[1.5895202]
623,[1.8537868]
624,[2.1159167]
625,[2.1511762]
626,[2.9217303]
627,[2.6764147]
628,[2.73346]
629,[2.370884]
630,[2.1879635]
631,[2.1479244]
632,[1.5755098]
633,[1.7433991]
634,[1.1378411]
635,[0.98487484]
636,[0.7993315]
637,[0.83927715]
638,[0.53690463]
639,[0.6007792]
640,[0.42192206]
641,[0.387191]
642,[0.3929234]
643,[0.5810562]
644,[0.8396392]
645,[1.2059437]
646,[1.6019666]
647,[1.6994414]
648,[1.7120006]
649,[2.045472]
650,[0.9599638]
651,[1.0540566]
652,[0.90730315]
653,[0.75303936]
654,[0.64152265]
655,[0.4543271]
656,[0.6005584]
657,[0.43431383]
658,[0.20402324]
659,[0.20342825]
660,[0.29572704]
661,[0.46267682]
662,[0.32442185]
663,[0.2731067]
664,[0.22608836]
665,[0.3310281]
666,[0.25730124]
667,[0.3605885]
668,[0.68582165]
669,[1.5703895]
670,[1.8038621]
671,[2.3442178]
672,[2.6690993]
673,[2.8874288]
674,[1.4857209]
675,[0.80464417]
676,[0.7251075]
677,[0.8435337]
678,[0.7774693]
679,[0.8566352]
680,[1.2083352]
681,[1.4793615]
682,[1.5898275]
683,[1.322964]
684,[0.62721497]
685,[0.5677172]
686,[0.56675303]
687,[0.6383313]
688,[0.6966702]
689,[0.7299934]
690,[1.5566498]
691,[1.4972292]
692,[1.2147095]
693,[1.0450408]
694,[1.0018659]
695,[1.274455]
696,[1.5153733]
697,[1.7741983]
698,[0.94617665]
699,[0.8813152]
700,[0.8187777]
701,[0.7188958]
702,[0.59209776]
703,[0.6495013]
704,[1.1147388]
705,[1.4764023]
706,[1.2847067]
707,[1.2024434]
708,[0.54834914]
709,[0.49897546]
710,[0.53834903]
711,[0.6109999]
712,[0.610993]
713,[0.61748546]
714,[1.3496209]
715,[1.2843077]
716,[1.0425608]
717,[0.98695755]
718,[1.133132]
719,[1.3716447]
720,[1.4641206]
721,[1.6561174]
722,[1.4691155]
723,[1.3089473]
724,[1.1734786]
725,[1.2577202]
726,[0.8803352]
727,[1.1401192]
728,[0.9897227]
729,[1.0333418]
730,[0.76465505]
731,[0.6019876]
732,[0.2889141]
733,[0.30851513]
734,[0.35696536]
735,[0.35835066]
736,[0.42870787]
737,[0.47787175]
738,[1.1118181]
739,[1.0306671]
740,[1.036339]
741,[1.0744119]
742,[1.252017]
743,[1.5100771]
744,[1.4810885]
745,[1.6863266]
746,[1.6686077]
747,[1.7175711]
748,[1.5445858]
749,[1.2767175]
750,[1.1624211]
751,[1.1259918]
752,[1.0576751]
753,[1.0463505]
754,[0.87463117]
755,[1.1628487]
756,[0.3873536]
757,[0.41386124]
758,[0.45117855]
759,[0.4973278]
760,[0.43628925]
761,[0.4994568]
762,[0.907668]
763,[0.9485183]
764,[0.9350509]
765,[0.9047984]
766,[0.9717398]
767,[1.1809106]
768,[1.3919836]
769,[1.5201902]
770,[1.5338078]
771,[1.3546891]
772,[1.267437]
773,[1.0168599]
774,[0.75603724]
775,[0.71754134]
776,[0.7821896]
777,[0.8560067]
778,[0.74076134]
779,[0.70579994]
780,[0.34373665]
781,[0.43481177]
782,[0.4659824]
783,[0.4970954]
784,[0.5199452]
785,[0.43828622]
786,[0.5191921]
787,[0.5974177]
788,[0.65949196]
789,[0.9552065]
790,[1.0228658]
791,[1.2545912]
792,[1.6126819]
793,[1.6452712]
794,[2.5549912]
795,[2.2324188]
796,[1.9629441]
797,[1.6593626]
798,[1.4430848]
799,[1.1288341]
800,[0.9207039]
801,[0.6542568]
802,[0.46531284]
803,[0.20941444]
804,[-0.002078]
805,[-0.08211142]
806,[-0.05844855]
807,[-0.12009215]
808,[-0.08076343]
809,[-0.11037496]
810,[-0.01622665]
811,[0.2213375]
812,[0.4818923]
813,[0.72861874]
814,[1.4274342]
815,[1.6538491]
816,[1.8786299]
817,[2.0829337]
818,[1.1579351]
819,[1.2136862]
820,[1.0111328]
821,[0.88733685]
822,[0.79376554]
823,[0.5552331]
824,[0.21656269]
825,[0.14199422]
826,[0.21999525]
827,[0.2303654]
828,[0.33947363]
829,[0.5517849]
830,[0.29812282]
831,[0.29936254]
832,[0.8571111]
833,[0.5829968]
834,[0.646186]
835,[0.61593986]
836,[0.7359693]
837,[0.788602]
838,[0.9439838]
839,[1.1278774]
840,[1.4530244]
841,[1.9249712]
842,[1.0050441]
843,[0.69676334]
844,[1.3608677]
845,[1.3484683]
846,[0.8150357]
847,[0.9639989]
848,[1.5420744]
849,[1.7410607]
850,[1.7281213]
851,[1.5199709]
852,[0.6878516]
853,[0.63760453]
854,[0.603009]
855,[0.6180234]
856,[0.59120077]
857,[0.6331892]
858,[1.435441]
859,[1.3907037]
860,[1.7049818]
861,[1.7660463]
862,[1.689779]
863,[1.8597745]
864,[1.9787749]
865,[1.8248961]
866,[1.2961981]
867,[1.204193]
868,[1.1583686]
869,[1.0262461]
870,[0.70990604]
871,[1.0781991]
872,[1.3049855]
873,[1.2558038]
874,[1.0831553]
875,[1.0930471]
876,[0.65068996]
877,[0.6527441]
878,[0.65090334]
879,[0.6812574]
880,[0.6969017]
881,[0.61983967]
882,[1.3051398]
883,[1.4530675]
884,[1.4698201]
885,[1.4575453]
886,[1.5688162]
887,[1.6963949]
888,[1.6965166]
889,[1.611274]
890,[1.8891003]
891,[1.7909164]
892,[1.4021089]
893,[0.99111974]
894,[0.91215366]
895,[1.0375378]
896,[1.1506252]
897,[1.3367528]
898,[1.1571541]
899,[1.0181029]
900,[0.46902978]
901,[0.5360812]
902,[0.5513507]
903,[0.5396579]
904,[0.5515292]
905,[0.5770233]
906,[1.2306757]
907,[1.3061405]
908,[1.352412]
909,[1.391458]
910,[1.4571584]
911,[1.4051702]
912,[1.5161518]
913,[1.7564645]
914,[1.6074926]
915,[1.4108527]
916,[1.285116]
917,[1.1190643]
918,[0.9761191]
919,[1.1873114]
920,[1.3147542]
921,[1.2528735]
922,[0.9311904]
923,[0.93632853]
924,[0.42271742]
925,[0.494551]
926,[0.5539301]
927,[0.6169437]
928,[0.6220866]
929,[0.622668]
930,[1.2629545]
931,[1.3044238]
932,[1.3937081]
933,[1.4120262]
934,[1.4272513]
935,[1.4848471]
936,[1.4365314]
937,[1.6122961]
938,[1.7553018]
939,[1.5070732]
940,[1.3279313]
941,[1.1479158]
942,[1.0072322]
943,[0.9856875]
944,[1.094526]
945,[1.1457194]
946,[1.1702235]
947,[0.9604756]
948,[0.48552632]
949,[0.54252493]
950,[0.6489669]
951,[0.57440424]
952,[0.5900602]
953,[0.637119]
954,[1.3680326]
955,[1.1570966]
956,[1.4696457]
957,[1.403883]
958,[1.2464125]
959,[1.4376123]
960,[1.56463]
961,[1.9119223]
962,[2.531853]
963,[2.1807408]
964,[2.04107]
965,[1.7436743]
966,[1.4732311]
967,[1.177101]
968,[0.8551858]
969,[0.5964445]
970,[0.35759676]
971,[0.2709551]
972,[0.40475595]
973,[0.300503]
974,[0.2672931]
975,[0.2679132]
976,[0.26322192]
977,[0.26081848]
978,[0.23359323]
979,[0.22371644]
980,[0.3851474]
981,[0.5813922]
982,[0.747206]
983,[1.1079525]
984,[1.3164374]
985,[1.5955777]
986,[1.1659633]
987,[1.1573746]
988,[0.95515865]
989,[0.7647905]
990,[0.67486477]
991,[0.5082952]
992,[0.51529145]
993,[0.32987666]
994,[0.18580495]
995,[0.24683711]
996,[0.21250024]
997,[0.20357007]
998,[0.34610212]
999,[0.48990607]
1000,[0.48979715]
1001,[0.44569373]
1002,[0.52379745]
1003,[0.6066021]
1004,[0.6704468]
1005,[0.72077006]
1006,[0.9036629]
1007,[1.0751805]
1008,[1.3655837]
1009,[1.5191544]
1010,[1.334655]
1011,[1.2791536]
1012,[1.2359025]
1013,[1.0614733]
1014,[0.8986441]
1015,[1.2014843]
1016,[0.9235407]
1017,[0.7508726]
1018,[0.7018038]
1019,[0.5472636]
1020,[0.41065675]
1021,[0.499354]
1022,[0.46823096]
1023,[0.38165483]
1024,[0.37416822]
1025,[0.29304764]
1026,[0.21626057]
1027,[0.13424432]
1028,[0.04128638]
1029,[0.56720924]
1030,[0.23233348]
1031,[0.38308132]
1032,[0.66011703]
1033,[1.0414919]
1034,[1.0277295]
1035,[0.97295463]
1036,[1.1666768]
1037,[1.0123866]
1038,[0.7548491]
1039,[0.8547421]
1040,[1.5140121]
1041,[1.6705692]
1042,[1.5073631]
1043,[1.4328878]
1044,[0.7482653]
1045,[0.79545283]
1046,[0.78514093]
1047,[0.7961478]
1048,[0.82676065]
1049,[0.8664187]
1050,[1.8655508]
1051,[1.6100518]
1052,[1.6706643]
1053,[1.6726265]
1054,[1.7544883]
1055,[1.800879]
1056,[1.6448328]
1057,[1.7512949]
1058,[1.3534808]
1059,[1.2731066]
1060,[1.1234126]
1061,[1.0511863]
1062,[0.9080224]
1063,[1.0962319]
1064,[1.1458178]
1065,[1.5124502]
1066,[1.3679311]
1067,[1.291864]
1068,[0.6261238]
1069,[0.66199327]
1070,[0.6283421]
1071,[0.6494276]
1072,[0.6703981]
1073,[0.70973814]
1074,[1.5018919]
1075,[1.3897078]
1076,[1.472204]
1077,[1.5807073]
1078,[1.809663]
1079,[1.8696952]
1080,[1.5995545]
1081,[1.7423407]
1082,[1.6916587]
1083,[1.5263293]
1084,[1.418019]
1085,[1.3382747]
1086,[1.2187116]
1087,[1.2865574]
1088,[1.260038]
1089,[1.2763859]
1090,[1.0607383]
1091,[1.0373385]
1092,[0.501456]
1093,[0.40578717]
1094,[0.5081619]
1095,[0.51477945]
1096,[0.52240664]
1097,[0.5759902]
1098,[1.0719671]
1099,[1.0230744]
1100,[1.3270891]
1101,[1.5084628]
1102,[1.6391519]
1103,[1.784848]
1104,[1.555264]
1105,[1.9548091]
1106,[1.8227721]
1107,[1.6837698]
1108,[1.5332129]
1109,[1.2959111]
1110,[1.1529235]
1111,[1.1828421]
1112,[1.2355288]
1113,[1.248127]
1114,[1.1315434]
1115,[1.1126103]
1116,[0.57655495]
1117,[0.6184371]
1118,[0.66320336]
1119,[0.7121008]
1120,[0.6805159]
1121,[0.909523]
1122,[1.4418299]
1123,[1.3337238]
1124,[1.4392622]
1125,[1.5095859]
1126,[1.5983906]
1127,[1.651757]
1128,[1.7100414]
1129,[1.7008746]
1130,[2.4225368]
1131,[2.0337586]
1132,[1.8258865]
1133,[1.4587067]
1134,[1.2009997]
1135,[0.9168441]
1136,[0.57476604]
1137,[0.46847233]
1138,[0.4139588]
1139,[0.54505825]
1140,[0.5964279]
1141,[0.6225567]
1142,[0.5169929]
1143,[0.29547164]
1144,[0.2068044]
1145,[0.20417987]
1146,[0.22245097]
1147,[0.22383729]
1148,[0.32323307]
1149,[0.45709097]
1150,[0.6172985]
1151,[0.84494686]
1152,[0.93391716]
1153,[1.097296]
1154,[0.87786853]
1155,[0.8331572]
1156,[0.7311251]
1157,[0.57083774]
1158,[0.475502]
1159,[0.26735386]
1160,[0.31997624]
1161,[0.31812873]
1162,[0.32142112]
1163,[0.47884572]
1164,[0.5162716]
1165,[0.6158152]
1166,[0.792897]
1167,[1.0412208]
1168,[1.1126436]
1169,[1.2699692]
1170,[1.2900388]
1171,[1.1601889]
1172,[1.1363456]
1173,[1.2350717]
1174,[1.3155825]
1175,[1.467999]
1176,[1.5558933]
1177,[1.6899238]
1178,[1.3118567]
1179,[0.9907299]
1180,[1.4094229]
1181,[1.2514815]
1182,[0.7277826]
1183,[0.8363471]
1184,[1.4898348]
1185,[2.0013032]
1186,[1.8935062]
1187,[1.4684243]
1188,[0.839701]
1189,[0.8954695]
1190,[0.9244962]
1191,[0.8792178]
1192,[0.87475055]
1193,[0.96651274]
1194,[1.9240781]
1195,[1.9684135]
1196,[2.1333947]
1197,[2.121324]
1198,[2.1421006]
1199,[2.285022]
1200,[2.310701]
1201,[2.3536756]
1202,[1.1137514]
1203,[0.9268409]
1204,[1.0369816]
1205,[0.9158865]
1206,[0.7219943]
1207,[0.8556871]
1208,[1.397449]
1209,[1.920354]
1210,[1.7009735]
1211,[1.5588635]
1212,[0.8267404]
1213,[0.8997187]
1214,[0.95758206]
1215,[0.9280961]
1216,[0.9198127]
1217,[0.9520462]
1218,[1.9492095]
1219,[1.4759499]
1220,[1.5325029]
1221,[1.6567435]
1222,[2.0322952]
1223,[2.0891547]
1224,[2.046325]
1225,[2.1234887]
1226,[1.4610404]
1227,[1.2746649]
1228,[1.1617937]
1229,[1.2097442]
1230,[0.9702878]
1231,[1.1218967]
1232,[1.2764788]
1233,[1.4629693]
1234,[1.3256559]
1235,[1.2398355]
1236,[0.6022498]
1237,[0.6072401]
1238,[0.6450952]
1239,[0.70626235]
1240,[0.7358005]
1241,[0.80450445]
1242,[1.66491]
1243,[1.678388]
1244,[1.7443918]
1245,[1.8132901]
1246,[1.9256297]
1247,[2.0232708]
1248,[2.0447388]
1249,[1.9518486]
1250,[1.4759433]
1251,[1.4233098]
1252,[1.3097136]
1253,[1.1294832]
1254,[0.9584227]
1255,[1.0436059]
1256,[1.170831]
1257,[1.2185178]
1258,[1.0205669]
1259,[1.0660098]
1260,[0.46908915]
1261,[0.5455872]
1262,[0.6009522]
1263,[0.6178451]
1264,[0.6640308]
1265,[0.6795646]
1266,[1.5063345]
1267,[1.4550834]
1268,[1.5139363]
1269,[1.6075252]
1270,[1.7362297]
1271,[1.8595741]
1272,[1.9375012]
1273,[1.9474428]
1274,[1.7073541]
1275,[1.5979989]
1276,[1.6039495]
1277,[1.4159615]
1278,[1.2591221]
1279,[1.3242471]
1280,[1.4052781]
1281,[1.3633132]
1282,[1.2736794]
1283,[1.3772216]
1284,[0.68540084]
1285,[0.66777694]
1286,[0.76151973]
1287,[0.8249045]
1288,[0.90454435]
1289,[0.993525]
1290,[1.4301655]
1291,[1.605259]
1292,[1.6499138]
1293,[1.5493907]
1294,[1.7228446]
1295,[1.7839966]
1296,[1.6776183]
1297,[1.9468269]
1298,[2.390328]
1299,[2.0253913]
1300,[1.7506765]
1301,[1.5533906]
1302,[1.3251952]
1303,[0.96364754]
1304,[0.56504655]
1305,[0.45705545]
1306,[0.49098992]
1307,[0.61998415]
1308,[0.8394369]
1309,[0.95937157]
1310,[1.1199027]
1311,[1.2404063]
1312,[1.2353365]
1313,[1.0898546]
1314,[0.9247221]
1315,[0.91973245]
1316,[0.95214415]
1317,[1.2428262]
1318,[0.80819947]
1319,[0.88037634]
1320,[0.9580352]
1321,[1.091094]
1322,[1.1301607]
1323,[1.0298128]
1324,[0.87233305]
1325,[0.66693795]
1326,[0.552363]
1327,[0.22423296]
1328,[-0.00794455]
1329,[0.38611147]
1330,[0.5813456]
1331,[0.532905]
1332,[0.5396588]
1333,[0.64258647]
1334,[0.92497087]
1335,[0.98048764]
1336,[1.0803047]
1337,[1.2269263]
1338,[1.364213]
1339,[1.5375538]
1340,[1.618451]
1341,[1.5540366]
1342,[1.4638078]
1343,[1.516566]
1344,[1.6415162]
1345,[1.7508172]
1346,[1.0444045]
1347,[1.2058251]
1348,[1.2397677]
1349,[0.97391903]
1350,[0.9787079]
1351,[1.0045254]
1352,[1.7694697]
1353,[2.2553616]
1354,[2.0006585]
1355,[1.893182]
1356,[0.982783]
1357,[0.9923281]
1358,[1.0638298]
1359,[0.86721873]
1360,[0.75051343]
1361,[0.72186774]
1362,[1.6426334]
1363,[1.9298499]
1364,[2.0222297]
1365,[2.1183515]
1366,[2.1054497]
1367,[2.1592574]
1368,[2.3108764]
1369,[2.4595563]
1370,[0.99864507]
1371,[1.1236881]
1372,[1.1356851]
1373,[1.0990481]
1374,[1.0347723]
1375,[1.0914088]
1376,[1.5776212]
1377,[2.0097857]
1378,[1.8714403]
1379,[1.5248299]
1380,[0.7906427]
1381,[0.88721365]
1382,[0.9491143]
1383,[0.893209]
1384,[0.90706336]
1385,[0.9434988]
1386,[2.058508]
1387,[1.9406302]
1388,[1.9373192]
1389,[2.0297055]
1390,[2.13378]
1391,[2.2522073]
1392,[2.325502]
1393,[2.3795695]
1394,[1.3385293]
1395,[1.3330047]
1396,[1.2655021]
1397,[1.2080317]
1398,[1.1987251]
1399,[1.2623129]
1400,[1.4194553]
1401,[1.5358772]
1402,[1.5050521]
1403,[1.1834241]
1404,[0.6058934]
1405,[0.62941843]
1406,[0.6629217]
1407,[0.7153133]
1408,[0.759567]
1409,[0.84591943]
1410,[1.8467264]
1411,[1.7141795]
1412,[1.7843623]
1413,[1.8677102]
1414,[1.9416895]
1415,[2.0308442]
1416,[2.1306403]
1417,[2.2280078]
1418,[1.4812609]
1419,[1.4593486]
1420,[1.4089186]
1421,[1.2336926]
1422,[1.185413]
1423,[1.270612]
1424,[1.2876406]
1425,[1.4568267]
1426,[1.3004966]
1427,[1.206118]
1428,[0.5279896]
1429,[0.6108142]
1430,[0.6573856]
1431,[0.6965183]
1432,[0.62622523]
1433,[0.74334836]
1434,[1.6131232]
1435,[1.4760329]
1436,[1.5534517]
1437,[1.6500978]
1438,[1.7459191]
1439,[1.8305035]
1440,[1.900099]
1441,[1.9961132]
1442,[1.794873]
1443,[1.6492356]
1444,[1.5349416]
1445,[1.3640602]
1446,[1.2632176]
1447,[1.3352793]
1448,[1.4342966]
1449,[1.385335]
1450,[1.2281007]
1451,[1.3128464]
1452,[0.6404884]
1453,[0.66052884]
1454,[0.72424376]
1455,[0.93809]
1456,[0.9884061]
1457,[1.1227927]
1458,[1.8462554]
1459,[1.8270081]
1460,[1.702004]
1461,[1.7502586]
1462,[1.7698967]
1463,[1.7787488]
1464,[1.80105]
1465,[1.8380715]
1466,[2.439756]
1467,[2.0665646]
1468,[1.7427001]
1469,[1.5135078]
1470,[1.3132719]
1471,[1.0195625]
1472,[0.7210374]
1473,[0.51406455]
1474,[0.47535563]
1475,[0.6527941]
1476,[0.79857516]
1477,[0.8594538]
1478,[0.8826521]
1479,[0.8875372]
1480,[0.8843496]
1481,[0.75159025]
1482,[0.6434325]
1483,[0.6522357]
1484,[0.6217372]
1485,[0.39297634]
1486,[0.73014927]
1487,[0.7989118]
1488,[0.9372897]
1489,[1.1107163]
1490,[1.0455158]
1491,[0.9603952]
1492,[0.8353619]
1493,[0.6359265]
1494,[0.54347473]
1495,[0.22012302]
1496,[0.23272759]
1497,[0.31963044]
1498,[0.49814442]
1499,[0.84058595]
1500,[0.79775035]
1501,[0.85242695]
1502,[0.9895911]
1503,[1.1124752]
1504,[1.2030885]
1505,[1.3202257]
1506,[1.4503634]
1507,[1.5887458]
1508,[1.5525153]
1509,[1.3768983]
1510,[1.3487697]
1511,[1.4417195]
1512,[1.5817993]
1513,[1.6824353]
1514,[0.93162477]
1515,[1.1045177]
1516,[1.2695694]
1517,[1.4709203]
1518,[0.95313233]
1519,[1.1841364]
1520,[1.9528387]
1521,[2.171473]
1522,[2.17617]
1523,[1.5971653]
1524,[0.8753882]
1525,[0.8982762]
1526,[0.9069442]
1527,[0.8580259]
1528,[0.81122744]
1529,[0.8823978]
1530,[2.0625675]
1531,[2.105993]
1532,[2.1219745]
1533,[2.2171855]
1534,[2.3476284]
1535,[2.42662]
1536,[2.492137]
1537,[2.5654678]
1538,[0.9720701]
1539,[0.95642453]
1540,[0.9729228]
1541,[0.91032696]
1542,[0.92482746]
1543,[1.3068208]
1544,[1.9310131]
1545,[2.00648]
1546,[1.8504078]
1547,[1.3388661]
1548,[0.717213]
1549,[0.743603]
1550,[0.78847426]
1551,[0.7860693]
1552,[0.7478765]
1553,[0.8243416]
1554,[1.8997761]
1555,[1.8479216]
1556,[1.9487371]
1557,[1.9935682]
1558,[2.0771677]
1559,[2.1633933]
1560,[2.2859297]
1561,[2.4345102]
1562,[1.3476589]
1563,[1.3431449]
1564,[1.2876664]
1565,[1.2112478]
1566,[1.145346]
1567,[1.3822575]
1568,[1.5899036]
1569,[1.7163846]
1570,[1.7295146]
1571,[1.3584142]
1572,[0.53731585]
1573,[0.556058]
1574,[0.60769457]
1575,[0.6331254]
1576,[0.60934234]
1577,[0.6027302]
1578,[1.4500368]
1579,[1.5761708]
1580,[1.6475853]
1581,[1.8057623]
1582,[1.8965917]
1583,[1.9497321]
1584,[2.0528662]
1585,[2.2128563]
1586,[1.6320126]
1587,[1.5737982]
1588,[1.495105]
1589,[1.4064558]
1590,[1.3906329]
1591,[1.5035002]
1592,[1.51791]
1593,[1.656242]
1594,[1.3943067]
1595,[1.3037658]
1596,[0.5508704]
1597,[0.51737374]
1598,[0.46489862]
1599,[0.4144668]
1600,[0.42553195]
1601,[0.47244146]
1602,[0.94980115]
1603,[1.0305096]
1604,[1.0296606]
1605,[1.1872227]
1606,[1.6388623]
1607,[1.8129652]
1608,[2.011335]
1609,[2.2202811]
1610,[1.7890339]
1611,[1.7265303]
1612,[1.7017565]
1613,[1.5053701]
1614,[1.3428442]
1615,[1.4320537]
1616,[1.4641585]
1617,[1.3915825]
1618,[1.4341381]
1619,[1.3484092]
1620,[0.59651375]
1621,[0.5601449]
1622,[0.548021]
1623,[0.60264987]
1624,[0.68253034]
1625,[0.6526556]
1626,[1.2674599]
1627,[1.084233]
1628,[1.0509229]
1629,[1.2798858]
1630,[1.4207158]
1631,[1.6054369]
1632,[1.7682328]
1633,[1.9941676]
1634,[2.6583188]
1635,[2.2313075]
1636,[1.9243953]
1637,[1.7992482]
1638,[1.5092824]
1639,[1.3332405]
1640,[1.0925236]
1641,[0.8987124]
1642,[0.69192195]
1643,[0.84920144]
1644,[0.8657424]
1645,[1.0030925]
1646,[1.0594715]
1647,[1.1380475]
1648,[1.4026836]
1649,[1.5420692]
1650,[1.672663]
1651,[1.8725343]
1652,[0.58286494]
1653,[0.51419836]
1654,[0.26703393]
1655,[0.34234217]
1656,[0.50181615]
1657,[0.67268324]
1658,[0.84696066]
1659,[0.9613236]
1660,[1.0907369]
1661,[1.1195688]
1662,[1.1090615]
1663,[1.1394581]
1664,[1.3189483]
1665,[1.4119347]
1666,[1.7173105]
1667,[1.9577959]
1668,[2.1619034]
1669,[0.9066177]
1670,[0.99833655]
1671,[0.9668763]
1672,[0.9388491]
1673,[0.88151973]
1674,[1.2332033]
1675,[2.1013522]
1676,[2.2095025]
1677,[2.1884706]
1678,[1.5550407]
1679,[0.85736156]
1680,[0.89828986]
1681,[0.89695776]
1682,[0.84977955]
1683,[0.8719329]
1684,[0.8904397]
1685,[2.0866554]
1686,[1.9379265]
1687,[2.0702937]
1688,[2.130573]
1689,[2.233968]
1690,[2.3257186]
1691,[2.4272263]
1692,[2.585783]
1693,[1.0270582]
1694,[1.0516084]
1695,[1.0712074]
1696,[0.997241]
1697,[1.0091543]
1698,[1.2734683]
1699,[1.9221678]
1700,[2.1562424]
1701,[2.0416682]
1702,[1.3665416]
1703,[0.67950636]
1704,[0.7483467]
1705,[0.81204075]
1706,[0.8040949]
1707,[0.75787395]
1708,[0.83588135]
1709,[1.8738264]
1710,[1.8197551]
1711,[1.923665]
1712,[2.017317]
1713,[2.1387186]
1714,[2.0752175]
1715,[2.2722225]
1716,[2.4226148]
1717,[1.4377975]
1718,[1.4041569]
1719,[1.3329713]
1720,[1.2297639]
1721,[1.0985639]
1722,[1.3653002]
1723,[1.5807941]
1724,[1.8134987]
1725,[1.7319739]
1726,[1.3271489]
1727,[0.4973426]
1728,[0.5379073]
1729,[0.6031976]
1730,[0.64794374]
1731,[0.6405407]
1732,[0.65808547]
1733,[1.5589669]
1734,[1.5952176]
1735,[1.6588086]
1736,[1.9243574]
1737,[1.877429]
1738,[1.9387584]
1739,[2.088571]
1740,[2.2689898]
1741,[1.8265588]
1742,[1.9217274]
1743,[1.9310732]
1744,[1.7476708]
1745,[1.5486078]
1746,[1.6077883]
1747,[1.9392147]
1748,[1.8678081]
1749,[1.6523507]
1750,[1.446496]
1751,[0.52825093]
1752,[0.48895618]
1753,[0.44660985]
1754,[0.39902738]
1755,[0.35751206]
1756,[0.37049124]
1757,[0.76634336]
1758,[0.9231205]
1759,[1.1063677]
1760,[1.3833139]
1761,[1.686797]
1762,[1.7955514]
1763,[2.2047067]
1764,[2.2915435]
1765,[2.0457556]
1766,[1.9280462]
1767,[1.9591265]
1768,[1.8047776]
1769,[1.79844]
1770,[1.4757344]
1771,[1.6762891]
1772,[1.8325063]
1773,[1.6459413]
1774,[1.442087]
1775,[0.7703717]
1776,[0.6987095]
1777,[0.6372261]
1778,[0.65403664]
1779,[0.63279176]
1780,[0.553025]
1781,[0.8660307]
1782,[0.95672715]
1783,[1.3101435]
1784,[1.4298123]
1785,[1.6663067]
1786,[1.927202]
1787,[2.0715957]
1788,[2.1956325]
1789,[2.9274697]
1790,[2.5778856]
1791,[2.2980163]
1792,[1.8568563]
1793,[1.5962183]
1794,[1.5352924]
1795,[1.3141911]
1796,[1.0195758]
1797,[0.8594808]
1798,[0.80807686]
1799,[0.85735905]
1800,[0.91089034]
1801,[1.0107949]
1802,[0.70437264]
1803,[0.8117717]
1804,[0.71015954]
1805,[0.8231437]
1806,[0.6558284]
1807,[0.9188253]
1808,[1.2727357]
1809,[1.3582103]
1810,[1.5089725]
1811,[1.6718631]
1812,[1.8194557]
1813,[1.4134073]
1814,[1.459159]
1815,[1.7343812]
1816,[1.4356034]
1817,[1.3028178]
1818,[0.58520716]
1819,[0.5734869]
1820,[0.2704895]
1821,[0.28791845]
1822,[0.29490653]
1823,[0.39123046]
1824,[0.49249145]
1825,[0.63577235]
1826,[0.819971]
1827,[1.0434093]
1828,[1.1957392]
1829,[1.3654244]
1830,[1.5409558]
1831,[1.6849823]
1832,[1.9024199]
1833,[2.0575013]
1834,[2.4627094]
1835,[2.4524088]
1836,[2.8638134]
1837,[1.3212866]
1838,[1.4241157]
1839,[1.5052227]
1840,[1.5103953]
1841,[1.3539989]
1842,[1.3591074]
1843,[1.9812989]
1844,[2.611797]
1845,[2.3919342]
1846,[2.1070552]
1847,[0.8365278]
1848,[0.91607404]
1849,[0.88143]
1850,[0.93143797]
1851,[0.9931662]
1852,[1.0824529]
1853,[2.0439906]
1854,[2.0816054]
1855,[2.1244278]
1856,[2.2589622]
1857,[2.2305818]
1858,[2.3738544]
1859,[2.6009443]
1860,[2.784975]
1861,[1.2601213]
1862,[1.3429269]
1863,[1.3362248]
1864,[1.5747156]
1865,[1.5907385]
1866,[1.5655948]
1867,[1.7835885]
1868,[2.3059773]
1869,[2.1390593]
1870,[1.5746462]
1871,[0.7042614]
1872,[0.8319579]
1873,[0.7604471]
1874,[0.78503466]
1875,[0.7020032]
1876,[0.7032599]
1877,[1.3050131]
1878,[1.3586771]
1879,[1.394682]
1880,[1.5804888]
1881,[2.1419668]
1882,[2.2763453]
1883,[2.464845]
1884,[2.6457202]
1885,[1.6174285]
1886,[1.5853368]
1887,[1.4199015]
1888,[1.6379969]
1889,[1.2481744]
1890,[1.4041283]
1891,[1.7635963]
1892,[1.852655]
1893,[1.6197276]
1894,[1.2891991]
1895,[0.6743312]
1896,[0.6326782]
1897,[0.63319623]
1898,[0.6278904]
1899,[0.6242354]
1900,[0.6235064]
1901,[1.3387538]
1902,[1.5397081]
1903,[1.0643724]
1904,[1.2336463]
1905,[1.5144924]
1906,[1.7726381]
1907,[2.3622298]
1908,[2.589475]
1909,[1.7691494]
1910,[1.877944]
1911,[1.9024649]
1912,[1.7064798]
1913,[1.4729917]
1914,[1.4383328]
1915,[1.6314895]
1916,[1.5138023]
1917,[1.531292]
1918,[1.4211648]
1919,[0.42355937]
1920,[0.434906]
1921,[0.49659175]
1922,[0.46319258]
1923,[0.4952926]
1924,[0.51353896]
1925,[1.3240266]
1926,[1.3543122]
1927,[1.5056672]
1928,[1.6326915]
1929,[1.7819932]
1930,[1.8926475]
1931,[2.1162531]
1932,[2.4284976]
1933,[1.7771635]
1934,[1.7085868]
1935,[1.693516]
1936,[1.5577784]
1937,[1.3864775]
1938,[1.3237184]
1939,[1.4870633]
1940,[1.3942506]
1941,[1.2953671]
1942,[1.2460437]
1943,[0.4689408]
1944,[0.4705941]
1945,[0.4336266]
1946,[0.48746458]
1947,[0.46689656]
1948,[0.52035624]
1949,[1.127034]
1950,[1.2159364]
1951,[1.3093187]
1952,[1.3822947]
1953,[1.5622451]
1954,[1.7432572]
1955,[1.9757006]
1956,[2.1435015]
1957,[2.945622]
1958,[2.5168285]
1959,[2.2102828]
1960,[1.892498]
1961,[1.6505866]
1962,[1.3486564]
1963,[1.1086729]
1964,[0.92754054]
1965,[0.66000485]
1966,[0.6958214]
1967,[0.87744325]
1968,[0.8777592]
1969,[0.46235114]
1970,[0.17835]
1971,[0.42494208]
1972,[0.45720214]
1973,[0.4630434]
1974,[0.7743041]
1975,[0.95102906]
1976,[1.2902045]
1977,[1.471729]
1978,[1.805876]
1979,[1.9850963]
1980,[2.3002539]
1981,[1.3027098]
1982,[1.1817595]
1983,[1.0343866]
1984,[0.92802054]
1985,[0.76517224]
1986,[0.5777429]
1987,[0.50468695]
1988,[0.33137703]
1989,[0.4653453]
1990,[0.5631298]
1991,[0.538562]
1992,[0.59256023]
1993,[0.46970147]
1994,[0.5087148]
1995,[0.56439996]
1996,[0.6999157]
1997,[0.86687297]
1998,[1.2190839]
1999,[1.4455223]
2000,[1.9972887]
2001,[2.1198387]
2002,[2.3040893]
2003,[2.624608]
2004,[2.7863655]
2005,[1.245249]
2006,[1.3769314]
2007,[1.3798589]
2008,[1.2797575]
2009,[1.2209576]
2010,[1.5840204]
2011,[2.3350253]
2012,[2.540814]
2013,[2.4167151]
2014,[1.8751953]
2015,[0.66795856]
2016,[0.7191187]
2017,[0.6393135]
2018,[0.55354595]
2019,[0.5265708]
2020,[0.75836945]
2021,[1.9571581]
2022,[2.1039085]
2023,[2.251124]
2024,[2.0313306]
2025,[2.3885043]
2026,[2.650386]
2027,[2.717507]
2028,[2.9516404]
2029,[1.3970797]
2030,[1.3877927]
2031,[1.4577781]
2032,[1.4535238]
2033,[1.340836]
2034,[1.5531147]
2035,[1.9787936]
2036,[2.5726833]
2037,[2.364595]
2038,[1.5609711]
2039,[0.6790454]
2040,[0.62653166]
2041,[0.60158265]
2042,[0.53909343]
2043,[0.4971449]
2044,[0.64497566]
2045,[1.6806661]
2046,[1.941968]
2047,[2.0129993]
2048,[2.0841627]
2049,[2.2855008]
2050,[2.4789915]
2051,[2.6059928]
2052,[2.8034246]
2053,[1.5621455]
2054,[1.5222933]
2055,[1.4054273]
2056,[1.3737618]
2057,[1.3181397]
2058,[1.5147047]
2059,[1.7322977]
2060,[2.1567812]
2061,[1.6691833]
2062,[1.488278]
2063,[0.42060554]
2064,[0.46412635]
2065,[0.3060383]
2066,[0.2760864]
2067,[0.3176239]
2068,[0.37804818]
2069,[0.92486537]
2070,[1.1442786]
2071,[1.6275816]
2072,[1.9199646]
2073,[2.2053175]
2074,[1.9358824]
2075,[2.2516932]
2076,[2.436718]
2077,[1.8699422]
2078,[1.864844]
2079,[2.103249]
2080,[1.9767368]
2081,[1.7461417]
2082,[1.7148885]
2083,[1.8047106]
2084,[1.7813228]
2085,[1.6942555]
2086,[1.287576]
2087,[0.6402653]
2088,[0.5461865]
2089,[0.5214254]
2090,[0.36037886]
2091,[0.30904382]
2092,[0.38645875]
2093,[0.69247067]
2094,[0.90233916]
2095,[1.1451197]
2096,[1.4196237]
2097,[1.900157]
2098,[2.1294248]
2099,[2.3921263]
2100,[2.580632]
2101,[1.7234896]
2102,[1.7345023]
2103,[1.6998358]
2104,[1.5914495]
2105,[1.371771]
2106,[1.5317342]
2107,[1.657332]
2108,[1.5677127]
2109,[1.3733127]
2110,[1.2287147]
2111,[0.5025383]
2112,[0.40411445]
2113,[0.34149247]
2114,[0.31844315]
2115,[0.28562513]
2116,[0.3877569]
2117,[0.7353424]
2118,[0.8173088]
2119,[1.0401912]
2120,[1.2518795]
2121,[1.5535315]
2122,[1.9577808]
2123,[2.3673832]
2124,[2.7112596]
2125,[3.390788]
2126,[3.1262817]
2127,[2.9522734]
2128,[2.5154548]
2129,[2.3802996]
2130,[2.384221]
2131,[1.9769282]
2132,[1.7336464]
2133,[1.4665964]
2134,[1.401041]
2135,[1.4763398]
2136,[1.5395571]
2137,[1.7311487]
2138,[1.986861]
2139,[2.2102191]
2140,[2.4600658]
2141,[2.7571652]
2142,[2.990794]
2143,[3.1958466]
2144,[2.4637449]
2145,[2.6373723]
2146,[2.810775]
2147,[2.9410052]
2148,[3.063118]
2149,[1.2117188]
2150,[1.250816]
2151,[1.0858257]
2152,[0.8413637]
2153,[0.73757255]
2154,[0.5973047]
2155,[0.531524]
2156,[0.4194017]
2157,[0.45315367]
2158,[0.48311937]
2159,[0.57800794]
2160,[0.6013317]
2161,[0.5528407]
2162,[0.5316118]
2163,[0.5929104]
2164,[0.7404234]
2165,[0.93424743]
2166,[1.1464746]
2167,[1.3453456]
2168,[1.3451576]
2169,[2.017385]
2170,[2.4217014]
2171,[2.8459334]
2172,[3.3718643]
2173,[1.4247973]
2174,[1.464272]
2175,[1.5081661]
2176,[1.3900392]
2177,[1.3599112]
2178,[1.6994689]
2179,[2.5043912]
2180,[2.9420748]
2181,[2.4252424]
2182,[1.8632561]
2183,[0.7951858]
2184,[0.8150806]
2185,[0.7146356]
2186,[0.51656514]
2187,[0.52525306]
2188,[0.8807868]
2189,[2.0652132]
2190,[2.2008445]
2191,[2.348602]
2192,[2.4350066]
2193,[2.4691193]
2194,[2.571883]
2195,[2.7662077]
2196,[2.9608436]
2197,[2.1505237]
2198,[2.048332]
2199,[2.0910678]
2200,[2.020691]
2201,[1.8680295]
2202,[1.8661808]
2203,[1.9224322]
2204,[2.0400443]
2205,[1.8416808]
2206,[1.4094677]
2207,[0.7288464]
2208,[0.6765767]
2209,[0.67617214]
2210,[0.64907825]
2211,[0.6441576]
2212,[0.7542844]
2213,[1.3441596]
2214,[1.4143467]
2215,[1.6877178]
2216,[1.8185737]
2217,[2.1488721]
2218,[2.352623]
2219,[2.4477835]
2220,[2.6885588]
2221,[1.870112]
2222,[1.9073604]
2223,[2.1090293]
2224,[2.0394685]
2225,[1.8152128]
2226,[1.7326398]
2227,[2.0470827]
2228,[2.1444733]
2229,[1.9964552]
2230,[1.9465612]
2231,[0.64075565]
2232,[0.45953664]
2233,[0.43465385]
2234,[0.31684744]
2235,[0.31696656]
2236,[0.30978903]
2237,[0.88926935]
2238,[1.0904282]
2239,[1.2185084]
2240,[1.7452686]
2241,[1.991103]
2242,[2.1885257]
2243,[2.4321587]
2244,[2.6382911]
2245,[2.5265193]
2246,[2.3983662]
2247,[2.3290129]
2248,[2.1477609]
2249,[1.8230696]
2250,[1.5783739]
2251,[1.2713013]
2252,[1.1747569]
2253,[0.84995466]
2254,[0.9102711]
2255,[1.0132058]
2256,[1.1450409]
2257,[1.1502098]
2258,[1.118637]
2259,[1.023599]
2260,[1.1235857]
2261,[1.0537685]
2262,[1.0242107]
2263,[1.2043957]
2264,[1.3653886]
2265,[2.0296443]
2266,[2.142998]
2267,[2.2799604]
2268,[2.5392418]
2269,[1.8791308]
2270,[1.9149708]
2271,[1.9396741]
2272,[1.7096847]
2273,[1.5219538]
2274,[1.4393954]
2275,[1.852905]
2276,[1.7559351]
2277,[1.5625186]
2278,[1.3702703]
2279,[0.59481937]
2280,[0.48633742]
2281,[0.42753726]
2282,[0.39002052]
2283,[0.3720511]
2284,[0.39235133]
2285,[0.982123]
2286,[1.0846736]
2287,[1.1593883]
2288,[1.4817485]
2289,[1.705002]
2290,[2.0376437]
2291,[2.3172178]
2292,[2.6076221]
2293,[3.0226023]
2294,[2.6668892]
2295,[2.4147153]
2296,[2.1013308]
2297,[1.805393]
2298,[1.5571842]
2299,[1.4608892]
2300,[1.1296651]
2301,[0.81247425]
2302,[0.8272574]
2303,[0.93512535]
2304,[0.9761412]
2305,[0.63653666]
2306,[0.3502097]
2307,[0.4611638]
2308,[0.36686552]
2309,[0.5561446]
2310,[0.6653235]
2311,[1.1463354]
2312,[1.5044472]
2313,[1.3912897]
2314,[2.078125]
2315,[2.1037285]
2316,[2.4559262]
2317,[1.3848108]
2318,[1.1933384]
2319,[1.0253]
2320,[1.0163546]
2321,[0.79090154]
2322,[0.5811881]
2323,[0.43767372]
2324,[0.3659681]
2325,[0.35545033]
2326,[0.3568838]
2327,[0.48456168]
2328,[0.48923135]
2329,[0.4553171]
2330,[0.50934255]
2331,[0.55476135]
2332,[0.56363064]
2333,[0.6699528]
2334,[0.92128813]
2335,[1.3078359]
2336,[1.6337394]
2337,[1.7165949]
2338,[2.0219464]
2339,[2.3056378]
2340,[2.4910145]
2341,[1.3506625]
2342,[1.478797]
2343,[1.4344989]
2344,[1.2874973]
2345,[1.5313826]
2346,[2.2964761]
2347,[2.8658953]
2348,[2.6946282]
2349,[1.9271348]
2350,[0.7914805]
2351,[0.76579696]
2352,[0.8208039]
2353,[0.6555714]
2354,[0.7456443]
2355,[0.6595249]
2356,[1.3202266]
2357,[2.0604782]
2358,[2.1047132]
2359,[2.2016397]
2360,[2.1062698]
2361,[2.3069174]
2362,[2.5572171]
2363,[2.754599]
2364,[1.5707998]
2365,[1.5465207]
2366,[1.7718638]
2367,[1.6809542]
2368,[1.5049937]
2369,[1.6148232]
2370,[1.940113]
2371,[2.434764]
2372,[2.3547363]
2373,[1.3358833]
2374,[0.5196886]
2375,[0.59240633]
2376,[0.49911925]
2377,[0.46498466]
2378,[0.58505213]
2379,[0.712938]
2380,[1.1229674]
2381,[1.4661947]
2382,[1.6656384]
2383,[1.8462907]
2384,[2.175424]
2385,[2.3870096]
2386,[2.7977412]
2387,[2.9356105]
2388,[1.588794]
2389,[1.6433673]
2390,[1.5559335]
2391,[1.4786977]
2392,[1.4725451]
2393,[1.7257202]
2394,[2.01542]
2395,[2.2385778]
2396,[2.162369]
2397,[1.652842]
2398,[0.5766783]
2399,[0.5058431]
2400,[0.38738245]
2401,[0.33627918]
2402,[0.2982547]
2403,[0.47921956]
2404,[1.1786928]
2405,[1.0805871]
2406,[1.6435598]
2407,[1.531005]
2408,[1.7454319]
2409,[2.2009196]
2410,[2.4579115]
2411,[2.6385458]
2412,[2.1759748]
2413,[2.251377]
2414,[2.0238698]
2415,[1.7040905]
2416,[1.7024206]
2417,[1.594735]
2418,[1.963727]
2419,[2.047288]
2420,[2.024876]
2421,[1.990304]
2422,[1.0594181]
2423,[0.7948239]
2424,[0.65581244]
2425,[0.6841014]
2426,[0.6743756]
2427,[0.699589]
2428,[1.5347106]
2429,[1.6485566]
2430,[1.6665881]
2431,[1.6809843]
2432,[1.8213892]
2433,[1.9977596]
2434,[2.6707664]
2435,[2.6969218]
2436,[2.631464]
2437,[2.5045452]
2438,[2.4213734]
2439,[2.231389]
2440,[2.0932088]
2441,[1.8369269]
2442,[1.8656051]
2443,[2.0090034]
2444,[1.822393]
2445,[1.8592858]
2446,[0.9530172]
2447,[0.9046517]
2448,[0.951824]
2449,[0.96826744]
2450,[1.0228357]
2451,[1.1737208]
2452,[1.8730978]
2453,[1.9521449]
2454,[2.0083907]
2455,[1.993544]
2456,[2.0802312]
2457,[2.2696435]
2458,[2.5165963]
2459,[2.7287931]
2460,[2.9190056]
2461,[2.6559396]
2462,[2.391646]
2463,[2.2005787]
2464,[1.8981588]
2465,[1.7275355]
2466,[1.6602302]
2467,[1.3643082]
2468,[1.1922137]
2469,[1.0339427]
2470,[1.2762619]
2471,[1.334673]
2472,[1.3493901]
2473,[1.5140982]
2474,[1.6350703]
2475,[1.5372542]
2476,[1.5641203]
2477,[1.8083663]
2478,[1.840019]
2479,[2.0974162]
2480,[2.390055]
2481,[2.5391765]
2482,[2.599601]
2483,[2.8385296]
2484,[2.131597]
2485,[1.8742642]
2486,[1.5554402]
2487,[1.2285469]
2488,[0.7566862]
2489,[0.68633413]
2490,[0.6425157]
2491,[0.857745]
2492,[1.2417369]
2493,[1.3022968]
2494,[1.235974]
2495,[1.4030856]
2496,[1.3773015]
2497,[1.3541474]
2498,[1.4757092]
2499,[1.4985094]
2500,[1.7913159]
2501,[2.2548146]
2502,[2.120018]
2503,[2.2183409]
2504,[2.5656166]
2505,[2.9449615]
2506,[3.226225]
2507,[2.0769634]
2508,[1.9131601]
2509,[1.732613]
2510,[1.352965]
2511,[1.3930577]
2512,[1.4031749]
2513,[1.599927]
2514,[1.6641402]
2515,[1.8290412]
2516,[1.8511049]
2517,[1.80069]
2518,[1.7407227]
2519,[1.709079]
2520,[1.6865326]
2521,[1.8777763]
2522,[2.226078]
2523,[2.4337506]
2524,[2.5321224]
2525,[2.6499012]
2526,[2.624782]
2527,[3.0792165]
2528,[3.2449791]
2529,[3.4484503]
2530,[1.8688264]
2531,[1.8109214]
2532,[1.6434835]
2533,[1.459119]
2534,[1.4838247]
2535,[1.6929398]
2536,[2.0598814]
2537,[2.0183465]
2538,[2.1317325]
2539,[1.9722924]
2540,[1.107763]
2541,[0.7610395]
2542,[0.9129874]
2543,[0.97762144]
2544,[0.83216846]
2545,[0.8873903]
2546,[1.8740863]
2547,[2.03573]
2548,[1.8796725]
2549,[2.1637838]
2550,[2.3766968]
2551,[2.5212893]
2552,[2.7478902]
2553,[3.0908015]
2554,[2.1313634]
2555,[2.0290287]
2556,[1.7424071]
2557,[1.5270824]
2558,[1.7300304]
2559,[1.934731]
2560,[1.8969591]
2561,[1.9211262]
2562,[1.465904]
2563,[1.015352]
2564,[1.0384263]
2565,[1.0747292]
2566,[1.0689583]
2567,[1.0791273]
2568,[1.1251495]
2569,[1.8656626]
2570,[1.9367174]
2571,[2.0786037]
2572,[2.1851718]
2573,[2.205831]
2574,[2.3069277]
2575,[2.501793]
2576,[2.748704]
2577,[2.0853963]
2578,[2.0390882]
2579,[1.8875984]
2580,[1.7303145]
2581,[1.5746582]
2582,[1.6350576]
2583,[2.0396214]
2584,[1.8781877]
2585,[2.0417256]
2586,[1.9103796]
2587,[1.1354489]
2588,[1.0942166]
2589,[1.059824]
2590,[1.0278616]
2591,[1.0286419]
2592,[1.119415]
2593,[1.8894197]
2594,[1.936131]
2595,[1.996564]
2596,[2.0494208]
2597,[2.1841254]
2598,[2.139517]
2599,[2.5894887]
2600,[2.7797542]
2601,[2.2989187]
2602,[2.2439203]
2603,[2.1913266]
2604,[2.0042064]
2605,[1.8114822]
2606,[1.7288013]
2607,[1.9102167]
2608,[1.9923544]
2609,[1.9198567]
2610,[1.7930937]
2611,[1.1376534]
2612,[1.0864314]
2613,[1.0993426]
2614,[1.0256634]
2615,[0.9824563]
2616,[1.0254232]
2617,[1.8327277]
2618,[1.9006189]
2619,[1.9592822]
2620,[1.8734095]
2621,[1.8999014]
2622,[2.0733805]
2623,[2.3962882]
2624,[2.5451798]
2625,[2.7674975]
2626,[2.5179558]
2627,[2.2911687]
2628,[2.0463028]
2629,[1.906959]
2630,[1.7680826]
2631,[1.5473245]
2632,[1.6162364]
2633,[1.2002487]
2634,[1.064747]
2635,[1.0778972]
2636,[1.0760369]
2637,[0.9859234]
2638,[1.2152348]
2639,[1.346747]
2640,[1.3854127]
2641,[1.4858594]
2642,[1.5977981]
2643,[1.6780921]
2644,[1.7993577]
2645,[1.9132943]
2646,[2.1208768]
2647,[2.3694577]
2648,[2.6239715]
2649,[1.3254836]
2650,[1.6269482]
2651,[1.5048082]
2652,[1.3474498]
2653,[1.6063757]
2654,[1.366922]
2655,[1.0359707]
2656,[0.8670246]
2657,[0.84628516]
2658,[0.9211946]
2659,[1.4305847]
2660,[1.74763]
2661,[1.9378695]
2662,[2.0733624]
2663,[2.3156266]
2664,[2.5449622]
2665,[2.745094]
2666,[2.8854508]
2667,[3.2918484]
2668,[3.4838755]
2669,[3.739234]
2670,[3.9110541]
2671,[3.9675486]
2672,[4.1827374]
2673,[1.3101505]
2674,[1.3977193]
2675,[1.1873717]
2676,[0.94555414]
2677,[0.8455434]
2678,[1.1930535]
2679,[1.5406504]
2680,[2.0628586]
2681,[1.9114876]
2682,[1.3365188]
2683,[1.0441843]
2684,[0.9774116]
2685,[1.0767856]
2686,[1.2205555]
2687,[1.4380229]
2688,[1.5769337]
2689,[1.81347]
2690,[2.0651932]
2691,[2.1252923]
2692,[2.2099402]
2693,[2.4294558]
2694,[2.699203]
2695,[2.896454]
2696,[2.9877105]
2697,[1.6112977]
2698,[1.4097836]
2699,[1.1917884]
2700,[0.95569605]
2701,[1.0536425]
2702,[1.2914475]
2703,[1.3583233]
2704,[1.6924658]
2705,[1.9459872]
2706,[1.8990109]
2707,[0.9262977]
2708,[0.92240596]
2709,[1.0413762]
2710,[1.1352878]
2711,[1.2120113]
2712,[1.2159452]
2713,[1.949161]
2714,[1.93218]
2715,[1.8400104]
2716,[1.8362339]
2717,[2.0857444]
2718,[2.1787503]
2719,[2.4707377]
2720,[2.60699]
2721,[1.4815686]
2722,[1.1588526]
2723,[0.9977731]
2724,[0.83989733]
2725,[0.7277334]
2726,[0.72768646]
2727,[0.94301885]
2728,[1.1551118]
2729,[1.196241]
2730,[1.182323]
2731,[0.7459388]
2732,[0.823876]
2733,[0.89232254]
2734,[0.9993241]
2735,[1.0890572]
2736,[1.1653888]
2737,[1.7507083]
2738,[1.7998931]
2739,[1.7883389]
2740,[1.6113286]
2741,[2.037224]
2742,[2.2231588]
2743,[2.4577162]
2744,[2.5475328]
2745,[1.6869764]
2746,[1.414937]
2747,[1.2196251]
2748,[0.9785893]
2749,[0.8449594]
2750,[0.91040283]
2751,[0.96075827]
2752,[1.147988]
2753,[1.1452127]
2754,[1.2348435]
2755,[0.77360964]
2756,[0.8175056]
2757,[0.9064249]
2758,[0.98256314]
2759,[1.0840476]
2760,[1.2033179]
2761,[1.7071689]
2762,[1.9491216]
2763,[1.8686519]
2764,[1.705376]
2765,[1.8162497]
2766,[1.9688971]
2767,[2.4185286]
2768,[2.416662]
2769,[1.9344511]
2770,[1.6743753]
2771,[1.4146178]
2772,[1.2958847]
2773,[1.3201301]
2774,[1.2468026]
2775,[1.3295611]
2776,[1.4631811]
2777,[1.4784374]
2778,[0.9933058]
2779,[0.81087935]
2780,[0.69970155]
2781,[0.8034146]
2782,[0.9589094]
2783,[1.0991242]
2784,[1.3564277]
2785,[1.5830806]
2786,[1.5282397]
2787,[1.5338626]
2788,[1.6719241]
2789,[1.8913848]
2790,[2.2183635]
2791,[2.3582766]
2792,[2.626639]
2793,[2.5901957]
2794,[2.296897]
2795,[2.2083006]
2796,[2.0297604]
2797,[1.7114522]
2798,[1.3682814]
2799,[1.0867708]
2800,[1.0001743]
2801,[1.0190681]
2802,[0.9544726]
2803,[1.1422362]
2804,[1.1775551]
2805,[1.4414994]
2806,[1.4827173]
2807,[1.7038908]
2808,[1.7107272]
2809,[1.8402045]
2810,[2.0470164]
2811,[1.9480497]
2812,[2.6583238]
2813,[2.636902]
2814,[2.9705658]
2815,[3.107]
2816,[3.3155274]
2817,[0.4970293]
2818,[0.67455125]
2819,[0.6705537]
2820,[0.55445033]
2821,[0.47115174]
2822,[0.6367228]
2823,[0.40034404]
2824,[0.3738124]
2825,[0.39226606]
2826,[0.6253574]
2827,[0.6424929]
2828,[0.75868285]
2829,[0.8601257]
2830,[1.0454568]
2831,[1.245434]
2832,[1.3758122]
2833,[1.5607374]
2834,[1.7657471]
2835,[2.0423212]
2836,[2.293332]
2837,[2.6078565]
2838,[2.7707293]
2839,[2.9088259]
2840,[3.200532]
2841,[0.73037]
2842,[0.88229674]
2843,[0.6939493]
2844,[0.5339838]
2845,[0.4706037]
2846,[0.7918298]
2847,[1.0599265]
2848,[1.1963831]
2849,[1.2451496]
2850,[1.1905184]
2851,[0.6296296]
2852,[0.7188575]
2853,[0.8434962]
2854,[0.905877]
2855,[0.93256015]
2856,[0.98529387]
2857,[1.2760651]
2858,[1.2974524]
2859,[1.3555495]
2860,[1.7227228]
2861,[1.8991815]
2862,[2.1060324]
2863,[2.3546202]
2864,[2.641578]
2865,[1.0149047]
2866,[0.9751015]
2867,[0.7670034]
2868,[0.5769647]
2869,[0.515589]
2870,[0.5336303]
2871,[0.799791]
2872,[1.0767558]
2873,[1.2930706]
2874,[1.232248]
2875,[0.7507943]
2876,[0.7300915]
2877,[0.8853469]
2878,[0.95536053]
2879,[1.030066]
2880,[1.1177099]
2881,[1.9200051]
2882,[1.8831831]
2883,[1.8254087]
2884,[1.8236948]
2885,[1.8967003]
2886,[1.9379439]
2887,[2.1446369]
2888,[2.3115716]
2889,[1.2353067]
2890,[1.1578002]
2891,[0.9755095]
2892,[0.91184115]
2893,[0.6827257]
2894,[0.7796874]
2895,[0.8180816]
2896,[0.99604553]
2897,[1.410203]
2898,[1.4988928]
2899,[0.7474445]
2900,[0.6923327]
2901,[0.7831571]
2902,[0.8363999]
2903,[0.92842126]
2904,[0.92000586]
2905,[1.8424234]
2906,[1.8662561]
2907,[1.8184961]
2908,[1.7854131]
2909,[1.7824715]
2910,[1.7130274]
2911,[1.9522134]
2912,[2.085735]
2913,[1.3804705]
2914,[1.3160064]
2915,[1.0960071]
2916,[1.122715]
2917,[0.75389814]
2918,[0.80486774]
2919,[0.86795366]
2920,[0.9360835]
2921,[1.1630293]
2922,[0.9972364]
2923,[0.5449425]
2924,[0.5716393]
2925,[0.67696595]
2926,[0.7536917]
2927,[0.8064329]
2928,[0.8964396]
2929,[1.8536813]
2930,[1.7673767]
2931,[1.8291668]
2932,[1.7874972]
2933,[1.7516093]
2934,[1.8904233]
2935,[2.1175346]
2936,[2.193966]
2937,[1.6437085]
2938,[1.4071658]
2939,[1.6747476]
2940,[1.186465]
2941,[1.0042546]
2942,[1.0661197]
2943,[1.0326363]
2944,[1.0321021]
2945,[1.1544247]
2946,[1.3010361]
2947,[0.8798686]
2948,[0.745052]
2949,[0.78732854]
2950,[0.84647894]
2951,[0.88794]
2952,[1.066006]
2953,[1.1049664]
2954,[1.694686]
2955,[1.7694954]
2956,[1.6818346]
2957,[1.740494]
2958,[1.9553871]
2959,[2.1196]
2960,[2.381711]
2961,[2.4265573]
2962,[2.2344246]
2963,[2.0958476]
2964,[1.8992782]
2965,[1.5459253]
2966,[1.1871309]
2967,[1.0868194]
2968,[0.95750415]
2969,[0.76007646]
2970,[1.6284297]
2971,[1.0780551]
2972,[1.2361873]
2973,[1.3427458]
2974,[1.2065742]
2975,[1.4802055]
2976,[1.3800614]
2977,[1.8354983]
2978,[1.7571421]
2979,[2.3380618]
2980,[2.6178014]
2981,[2.945969]
2982,[3.0484107]
2983,[3.4082494]
2984,[3.614016]
2985,[0.5531417]
2986,[0.71230656]
2987,[0.7866985]
2988,[0.61614275]
2989,[0.5422145]
2990,[0.5208961]
2991,[0.46648747]
2992,[0.51988184]
2993,[0.52371174]
2994,[0.59342015]
2995,[0.7170677]
2996,[0.83115876]
2997,[0.7684617]
2998,[0.82348883]
2999,[0.9272386]
3000,[1.094091]
3001,[1.4466065]
3002,[1.6380782]
3003,[1.9853221]
3004,[2.09299]
3005,[2.4213953]
3006,[2.6883793]
3007,[2.9072108]
3008,[3.320507]
3009,[0.6958079]
3010,[0.8469567]
3011,[0.7601004]
3012,[0.6693207]
3013,[0.567682]
3014,[0.7668722]
3015,[1.2720313]
3016,[1.523473]
3017,[1.7921143]
3018,[1.7020421]
3019,[0.6952278]
3020,[0.7651061]
3021,[0.7985065]
3022,[0.86612785]
3023,[0.8542414]
3024,[0.83006]
3025,[1.6827927]
3026,[1.5853473]
3027,[1.5612934]
3028,[1.5576601]
3029,[1.5321727]
3030,[1.6645722]
3031,[1.9158019]
3032,[2.1266007]
3033,[0.84831035]
3034,[0.99504626]
3035,[0.8307689]
3036,[0.52752346]
3037,[0.49348873]
3038,[0.66376704]
3039,[0.9421004]
3040,[1.1799657]
3041,[1.2909751]
3042,[1.2210327]
3043,[0.5196863]
3044,[0.5927798]
3045,[0.68257797]
3046,[0.6949433]
3047,[0.7871684]
3048,[0.8749101]
3049,[1.6654623]
3050,[1.622837]
3051,[1.61331]
3052,[1.6683879]
3053,[1.6480635]
3054,[1.9210486]
3055,[2.0669084]
3056,[2.369159]
3057,[1.098202]
3058,[1.0167165]
3059,[0.9165857]
3060,[0.8214431]
3061,[0.7959867]
3062,[1.1275251]
3063,[1.5249898]
3064,[1.842478]
3065,[1.4986904]
3066,[1.1531519]
3067,[1.1576276]
3068,[1.1549687]
3069,[1.0644925]
3070,[1.0930213]
3071,[1.0626432]
3072,[1.3235111]
3073,[1.961247]
3074,[1.9129534]
3075,[1.9022453]
3076,[1.8591324]
3077,[1.9886978]
3078,[2.1850271]
3079,[2.3450093]
3080,[1.3900659]
3081,[1.4014715]
3082,[1.237926]
3083,[1.0735195]
3084,[1.3274186]
3085,[1.4938622]
3086,[1.5044658]
3087,[1.5910468]
3088,[2.0691648]
3089,[2.197513]
3090,[1.3701383]
3091,[1.3959665]
3092,[1.3041492]
3093,[1.317575]
3094,[1.3658129]
3095,[1.378597]
3096,[2.7242415]
3097,[2.8695545]
3098,[2.7018006]
3099,[2.8564079]
3100,[2.482633]
3101,[2.4589252]
3102,[2.4550505]
3103,[2.4991698]
3104,[1.5219059]
3105,[1.5263336]
3106,[1.3702449]
3107,[1.2150067]
3108,[1.2412848]
3109,[1.406193]
3110,[1.3442954]
3111,[1.4116153]
3112,[1.8451632]
3113,[2.211341]
3114,[1.2183329]
3115,[1.2061965]
3116,[1.3491832]
3117,[1.6399821]
3118,[1.5952628]
3119,[1.6617575]
3120,[2.346154]
3121,[2.8726602]
3122,[2.1039622]
3123,[2.092612]
3124,[2.1948705]
3125,[2.2401958]
3126,[2.244617]
3127,[2.3284514]
3128,[2.1107914]
3129,[1.9091198]
3130,[1.929432]
3131,[1.7473125]
3132,[1.4106375]
3133,[1.2179954]
3134,[1.0200133]
3135,[0.91207916]
3136,[0.8676435]
3137,[0.7768099]
3138,[0.9751251]
3139,[1.1634893]
3140,[1.580827]
3141,[1.5901488]
3142,[1.5381675]
3143,[1.7470385]
3144,[1.9370513]
3145,[1.9913816]
3146,[2.2562394]
3147,[2.3811233]
3148,[2.7292876]
3149,[2.9210653]
3150,[3.2120037]
3151,[3.2813673]
3152,[1.462467]
3153,[1.4682811]
3154,[1.6989615]
3155,[1.4957869]
3156,[1.0700499]
3157,[1.1841019]
3158,[1.2374613]
3159,[0.9564863]
3160,[0.7743448]
3161,[1.2325455]
3162,[1.60846]
3163,[1.9867469]
3164,[2.2472723]
3165,[2.5407307]
3166,[2.6809978]
3167,[2.5848675]
3168,[2.4094658]
3169,[2.2958658]
3170,[2.2423055]
3171,[1.9078553]
3172,[2.1331654]
3173,[2.2953525]
3174,[2.5591052]
3175,[2.6921613]
3176,[0.9818336]
3177,[0.90291214]
3178,[0.8685303]
3179,[0.69214773]
3180,[0.58771265]
3181,[0.6885117]
3182,[1.2958328]
3183,[1.5656877]
3184,[1.7162406]
3185,[1.8917265]
3186,[0.7494394]
3187,[0.8050715]
3188,[0.87391174]
3189,[0.7960638]
3190,[0.9341748]
3191,[0.8012644]
3192,[1.4602712]
3193,[1.5608864]
3194,[1.4859273]
3195,[1.494818]
3196,[1.5050737]
3197,[1.7001903]
3198,[1.9010342]
3199,[2.150319]
3200,[0.4697895]
3201,[0.58335125]
3202,[0.5582384]
3203,[0.41162342]
3204,[0.4051604]
3205,[0.52994597]
3206,[0.7447316]
3207,[1.0537119]
3208,[1.2911234]
3209,[1.6315496]
3210,[0.71302915]
3211,[0.65778846]
3212,[0.74498487]
3213,[0.85814613]
3214,[0.8669229]
3215,[0.9329828]
3216,[1.8774297]
3217,[1.803277]
3218,[1.6884866]
3219,[1.7159947]
3220,[1.705544]
3221,[1.844289]
3222,[2.0021255]
3223,[2.1442513]
3224,[0.92866844]
3225,[1.0185552]
3226,[0.92891574]
3227,[0.746328]
3228,[0.6259232]
3229,[0.73920435]
3230,[0.7839266]
3231,[0.79602534]
3232,[1.0341816]
3233,[1.2979491]
3234,[0.53749037]
3235,[0.6416364]
3236,[0.89368135]
3237,[0.8807777]
3238,[1.0010056]
3239,[1.246447]
3240,[1.9483594]
3241,[2.6111908]
3242,[2.4856093]
3243,[2.5122619]
3244,[2.4717412]
3245,[2.3914132]
3246,[2.415057]
3247,[2.447832]
3248,[1.2919356]
3249,[1.2395115]
3250,[0.87853783]
3251,[0.72926843]
3252,[0.6420266]
3253,[0.72900176]
3254,[0.84335303]
3255,[0.82581437]
3256,[0.7433921]
3257,[0.9664235]
3258,[0.44421834]
3259,[0.5729149]
3260,[0.6822576]
3261,[0.7562009]
3262,[0.84621125]
3263,[0.9179838]
3264,[1.7253559]
3265,[1.7171402]
3266,[1.7293305]
3267,[1.7185181]
3268,[1.6873636]
3269,[1.7919273]
3270,[1.9605486]
3271,[2.1971834]
3272,[1.3327241]
3273,[1.26312]
3274,[1.1088601]
3275,[0.99907124]
3276,[0.7717186]
3277,[0.845433]
3278,[0.8728622]
3279,[0.8313]
3280,[0.9158666]
3281,[0.9597868]
3282,[0.9479064]
3283,[0.93786234]
3284,[1.1531901]
3285,[1.14151]
3286,[1.1882544]
3287,[1.2522748]
3288,[1.0232841]
3289,[1.4476123]
3290,[1.401084]
3291,[1.4484384]
3292,[1.5401707]
3293,[1.7060096]
3294,[1.9894408]
3295,[2.150923]
3296,[2.2928267]
3297,[2.2702265]
3298,[2.1723683]
3299,[1.8998069]
3300,[1.5891738]
3301,[1.1642756]
3302,[1.2442815]
3303,[1.0981154]
3304,[0.94452524]
3305,[0.76099885]
3306,[0.86926323]
3307,[0.7051412]
3308,[0.9258454]
3309,[0.6000251]
3310,[0.6674781]
3311,[0.67416626]
3312,[0.9467655]
3313,[1.1232117]
3314,[1.9675598]
3315,[1.9214246]
3316,[2.395624]
3317,[2.6564896]
3318,[2.8847103]
3319,[3.4607472]
3320,[1.3681142]
3321,[1.3442808]
3322,[0.84456736]
3323,[1.2033002]
3324,[0.9427893]
3325,[0.7413231]
3326,[0.60138875]
3327,[0.84096754]
3328,[1.1082443]
3329,[1.3847528]
3330,[1.6405908]
3331,[2.0095325]
3332,[2.3311849]
3333,[2.528781]
3334,[2.8089705]
3335,[2.9600415]
3336,[3.0318637]
3337,[3.301752]
3338,[3.400513]
3339,[3.320056]
3340,[3.5244985]
3341,[3.4093444]
3342,[3.7571135]
3343,[3.7950933]
3344,[1.206027]
3345,[1.3751308]
3346,[1.0041523]
3347,[0.79317945]
3348,[1.1320195]
3349,[1.1919811]
3350,[0.8373137]
3351,[1.6641667]
3352,[1.6604466]
3353,[1.6125116]
3354,[0.7158325]
3355,[0.76299596]
3356,[1.0308616]
3357,[1.0744739]
3358,[1.0960193]
3359,[1.1720971]
3360,[2.3737934]
3361,[2.9673843]
3362,[3.4366395]
3363,[2.6768515]
3364,[2.5007448]
3365,[2.386278]
3366,[2.3498795]
3367,[2.5079994]
3368,[1.1473668]
3369,[1.2358841]
3370,[0.9555704]
3371,[0.7876649]
3372,[0.61490095]
3373,[0.82330793]
3374,[1.1071436]
3375,[1.374588]
3376,[1.5477104]
3377,[1.7281152]
3378,[0.67263854]
3379,[0.73651284]
3380,[0.82758075]
3381,[0.84923625]
3382,[0.8761916]
3383,[0.9145313]
3384,[2.404945]
3385,[2.2220385]
3386,[2.5342314]
3387,[2.0000432]
3388,[1.8690915]
3389,[1.9104573]
3390,[1.9618434]
3391,[2.05191]
3392,[0.9579605]
3393,[1.0127703]
3394,[1.0346649]
3395,[0.9129186]
3396,[0.75967443]
3397,[0.9328088]
3398,[0.95814455]
3399,[1.2172623]
3400,[1.2595152]
3401,[1.3475757]
3402,[0.64695615]
3403,[0.655494]
3404,[0.7901709]
3405,[0.8237203]
3406,[0.82925725]
3407,[0.9026617]
3408,[2.1045623]
3409,[2.2621484]
3410,[2.1863894]
3411,[2.1794393]
3412,[2.138088]
3413,[2.2745316]
3414,[2.25908]
3415,[2.1246438]
3416,[1.4512783]
3417,[1.3403217]
3418,[1.2345636]
3419,[1.0559281]
3420,[0.92798716]
3421,[1.1403424]
3422,[1.2307806]
3423,[2.1164863]
3424,[2.5783458]
3425,[2.3643317]
3426,[1.2282434]
3427,[1.1463617]
3428,[1.25783]
3429,[1.2733426]
3430,[1.310351]
3431,[1.3144062]
3432,[1.880506]
3433,[2.4985917]
3434,[2.8953953]
3435,[2.7062035]
3436,[2.2781296]
3437,[2.339865]
3438,[2.3859177]
3439,[2.3544638]
3440,[1.480819]
3441,[1.3621972]
3442,[1.2126573]
3443,[0.9339398]
3444,[0.7742015]
3445,[0.83417094]
3446,[0.9279785]
3447,[0.903725]
3448,[0.8083]
3449,[0.9691042]
3450,[0.49496794]
3451,[0.648706]
3452,[0.9100637]
3453,[0.99507123]
3454,[1.0101717]
3455,[1.1463697]
3456,[1.2130369]
3457,[1.2188628]
3458,[1.402342]
3459,[1.4464053]
3460,[1.462963]
3461,[1.5678862]
3462,[1.7470462]
3463,[1.965461]
3464,[2.034261]
3465,[1.9800808]
3466,[1.8768021]
3467,[1.7114737]
3468,[1.3676636]
3469,[1.0383798]
3470,[0.78511536]
3471,[0.5148851]
3472,[0.293288]
3473,[0.24841744]
3474,[0.3482986]
3475,[0.16058071]
3476,[0.3049717]
3477,[0.21171567]
3478,[-0.10996926]
3479,[0.16635227]
3480,[0.37855187]
3481,[0.6055166]
3482,[1.2983809]
3483,[2.0929248]
3484,[1.6295893]
3485,[2.560569]
3486,[2.5218253]
3487,[2.6436768]
3488,[1.5838335]
3489,[1.2942467]
3490,[1.3852131]
3491,[1.2913041]
3492,[1.0341499]
3493,[0.78083897]
3494,[0.76020956]
3495,[0.96833265]
3496,[0.537864]
3497,[0.9080401]
3498,[1.1798568]
3499,[1.1190088]
3500,[0.89540917]
3501,[1.0348252]
3502,[1.1061571]
3503,[1.0614455]
3504,[0.9429345]
3505,[0.8618704]
3506,[0.9649254]
3507,[1.2814353]
3508,[1.4481177]
3509,[1.7519529]
3510,[2.005841]
3511,[2.2678733]
3512,[0.70592606]
3513,[0.81528586]
3514,[0.66655636]
3515,[0.54829836]
3516,[0.38961875]
3517,[0.65045696]
3518,[1.2088833]
3519,[1.6019346]
3520,[1.7312417]
3521,[1.8157065]
3522,[0.81751764]
3523,[0.8430129]
3524,[0.93920046]
3525,[1.0500762]
3526,[1.1552721]
3527,[1.28643]
3528,[2.5894523]
3529,[2.745872]
3530,[3.2957792]
3531,[3.2489123]
3532,[2.659776]
3533,[2.4297628]
3534,[2.230787]
3535,[2.044843]
3536,[0.8957547]
3537,[1.2209444]
3538,[1.1998123]
3539,[1.1007669]
3540,[1.0154753]
3541,[1.3202854]
3542,[1.4597876]
3543,[1.8440938]
3544,[1.552449]
3545,[1.6308074]
3546,[0.8333522]
3547,[0.8888111]
3548,[1.0232499]
3549,[1.0925293]
3550,[1.1011806]
3551,[1.0183753]
3552,[2.471819]
3553,[2.6960409]
3554,[2.6164117]
3555,[2.6439276]
3556,[2.6702766]
3557,[2.7336943]
3558,[2.7889678]
3559,[2.8520927]
3560,[1.2836674]
3561,[1.321059]
3562,[1.3850458]
3563,[1.0523641]
3564,[1.355566]
3565,[1.7343516]
3566,[1.395053]
3567,[1.5799874]
3568,[1.501131]
3569,[1.4637318]
3570,[0.65900946]
3571,[0.7145751]
3572,[1.0123941]
3573,[1.0701635]
3574,[0.9148741]
3575,[1.2625066]
3576,[1.9559324]
3577,[3.4019809]
3578,[3.41396]
3579,[3.2042909]
3580,[3.3082795]
3581,[3.4164362]
3582,[3.2179317]
3583,[2.666843]
3584,[1.4716885]
3585,[1.5037116]
3586,[1.3735862]
3587,[1.3715322]
3588,[1.2554803]
3589,[1.3552631]
3590,[1.7152851]
3591,[1.2974064]
3592,[1.075005]
3593,[1.2125388]
3594,[0.573266]
3595,[0.6834419]
3596,[0.8041877]
3597,[0.83495027]
3598,[0.86891216]
3599,[0.9476137]
3600,[1.9394164]
3601,[2.3058925]
3602,[2.2034688]
3603,[2.3119657]
3604,[2.9964542]
3605,[3.5086951]
3606,[3.212608]
3607,[3.1922407]
3608,[1.6136545]
3609,[1.6005204]
3610,[1.622251]
3611,[1.5360498]
3612,[1.3218966]
3613,[1.4683925]
3614,[1.7509176]
3615,[1.6648602]
3616,[1.930434]
3617,[2.1693106]
3618,[0.674203]
3619,[0.8502793]
3620,[1.0892496]
3621,[1.1499227]
3622,[1.1823839]
3623,[1.2821233]
3624,[2.4872084]
3625,[2.596776]
3626,[2.7292142]
3627,[2.559198]
3628,[2.503954]
3629,[2.527558]
3630,[2.5307057]
3631,[2.5226495]
3632,[2.1900682]
3633,[1.9101772]
3634,[1.9223619]
3635,[1.7413723]
3636,[1.416878]
3637,[0.99970466]
3638,[0.7400692]
3639,[0.7546718]
3640,[0.2639855]
3641,[0.48644862]
3642,[0.89953864]
3643,[1.0621116]
3644,[1.27879]
3645,[1.2966859]
3646,[1.1712731]
3647,[1.0455511]
3648,[0.89908123]
3649,[1.28564]
3650,[1.2677512]
3651,[1.3398471]
3652,[1.2861332]
3653,[1.3319293]
3654,[1.3141139]
3655,[1.4373754]
3656,[1.4500606]
3657,[1.0541334]
3658,[0.8871747]
3659,[0.7268754]
3660,[0.76915896]
3661,[0.67583156]
3662,[0.48289922]
3663,[0.37208074]
3664,[0.2893141]
3665,[0.5331016]
3666,[0.78329086]
3667,[1.0182118]
3668,[1.1923864]
3669,[1.38807]
3670,[1.3531635]
3671,[1.262743]
3672,[1.3122772]
3673,[1.2102692]
3674,[1.4251237]
3675,[1.5405505]
3676,[1.3811702]
3677,[2.8593802]
3678,[3.5672927]
3679,[3.5368578]
3680,[1.0026383]
3681,[1.1437759]
3682,[1.0010276]
3683,[1.0062408]
3684,[0.8562312]
3685,[0.7525666]
3686,[0.937173]
3687,[1.4601575]
3688,[1.4048958]
3689,[0.952603]
3690,[0.7311362]
3691,[0.51466554]
3692,[0.5654867]
3693,[0.5031655]
3694,[0.4070015]
3695,[0.3033141]
3696,[0.24668008]
3697,[0.20123583]
3698,[0.16170192]
3699,[0.10619026]
3700,[0.3101231]
3701,[0.564495]
3702,[0.8268034]
3703,[1.0410895]
3704,[0.9273313]
3705,[1.0281217]
3706,[1.0165344]
3707,[0.908646]
3708,[0.79586214]
3709,[0.90214807]
3710,[1.3175274]
3711,[1.9399678]
3712,[1.753497]
3713,[1.7085946]
3714,[0.70747125]
3715,[0.8115145]
3716,[0.8917779]
3717,[0.93098533]
3718,[0.98510224]
3719,[1.0486087]
3720,[2.1352713]
3721,[2.6079247]
3722,[2.6325455]
3723,[2.722447]
3724,[3.2590895]
3725,[3.1771274]
3726,[3.4528859]
3727,[3.8990936]
3728,[1.8764529]
3729,[1.863132]
3730,[1.7527722]
3731,[1.4955616]
3732,[1.1581726]
3733,[1.1887853]
3734,[1.5074654]
3735,[2.0262344]
3736,[1.5890383]
3737,[1.3727373]
3738,[0.72958475]
3739,[0.7781953]
3740,[0.8658463]
3741,[0.89952403]
3742,[0.9433775]
3743,[0.9653357]
3744,[2.1960506]
3745,[2.5404413]
3746,[2.5758772]
3747,[2.554506]
3748,[2.5713196]
3749,[2.64879]
3750,[2.7470417]
3751,[2.814208]
3752,[1.3322451]
3753,[1.3542867]
3754,[1.2078118]
3755,[1.0994285]
3756,[0.92902184]
3757,[1.037713]
3758,[1.2090414]
3759,[1.281888]
3760,[1.115691]
3761,[1.2800195]
3762,[0.5837681]
3763,[0.7042866]
3764,[0.814741]
3765,[0.85944587]
3766,[0.8988715]
3767,[0.9231447]
3768,[2.0417519]
3769,[2.2110255]
3770,[2.2401862]
3771,[2.2567308]
3772,[2.3133416]
3773,[2.4320388]
3774,[2.505824]
3775,[2.6283596]
3776,[1.6175406]
3777,[1.5979464]
3778,[1.5263171]
3779,[1.4010887]
3780,[1.2226183]
3781,[1.1452122]
3782,[1.213074]
3783,[1.0543369]
3784,[0.9453638]
3785,[1.1108648]
3786,[0.60267717]
3787,[0.7022744]
3788,[0.80319023]
3789,[0.88111734]
3790,[0.9496979]
3791,[1.0076547]
3792,[2.1712675]
3793,[2.3916197]
3794,[2.7060118]
3795,[2.4071188]
3796,[2.5032983]
3797,[3.1400125]
3798,[2.527569]
3799,[3.158602]
3800,[2.2168055]
3801,[1.7323353]
3802,[1.9222066]
3803,[1.7856901]
3804,[1.4495008]
3805,[1.1509004]
3806,[0.6380595]
3807,[0.3292234]
3808,[0.20850213]
3809,[0.35582963]
3810,[0.5784837]
3811,[0.75957525]
3812,[0.9368834]
3813,[1.1244743]
3814,[0.9563818]
3815,[1.148994]
3816,[1.0368376]
3817,[0.9704259]
3818,[0.9962689]
3819,[1.0090315]
3820,[1.0588466]
3821,[1.127806]
3822,[1.1894779]
3823,[1.3199233]
3824,[1.178227]
3825,[1.1222621]
3826,[0.92675567]
3827,[0.92354393]
3828,[0.7408991]
3829,[0.602146]
3830,[0.34303057]
3831,[0.274671]
3832,[0.50609314]
3833,[0.61958265]
3834,[0.8402281]
3835,[0.93099666]
3836,[1.1004629]
3837,[1.2340791]
3838,[1.408284]
3839,[1.5808563]
3840,[1.522836]
3841,[1.491722]
3842,[1.481745]
3843,[1.4181175]
3844,[1.523383]
3845,[1.7208129]
3846,[1.8471191]
3847,[1.9603376]
3848,[0.7261255]
3849,[0.90849686]
3850,[1.0042754]
3851,[0.8528837]
3852,[0.74597013]
3853,[0.79538983]
3854,[1.4986767]
3855,[2.1762934]
3856,[2.1161273]
3857,[2.1776931]
3858,[0.8888905]
3859,[0.86244494]
3860,[0.9818322]
3861,[1.0261205]
3862,[1.0932914]
3863,[1.1376565]
3864,[2.704398]
3865,[2.905425]
3866,[3.0311065]
3867,[3.0358071]
3868,[3.0995202]
3869,[3.2404006]
3870,[3.2530112]
3871,[3.2367558]
3872,[0.48784494]
3873,[0.9125437]
3874,[1.0213461]
3875,[0.877686]
3876,[0.7699077]
3877,[0.89214385]
3878,[1.4022017]
3879,[1.8871019]
3880,[1.7532506]
3881,[1.8015219]
3882,[0.72198427]
3883,[0.84390193]
3884,[0.94659436]
3885,[0.977005]
3886,[1.0051775]
3887,[1.075017]
3888,[2.616273]
3889,[2.7856336]
3890,[2.932889]
3891,[3.027982]
3892,[3.0476217]
3893,[3.205165]
3894,[3.2726917]
3895,[3.3362858]
3896,[0.9251058]
3897,[1.188647]
3898,[1.1979636]
3899,[1.1052983]
3900,[0.99760574]
3901,[1.0591174]
3902,[1.1507022]
3903,[1.6096148]
3904,[1.454006]
3905,[1.3277061]
3906,[0.6479467]
3907,[0.7474045]
3908,[0.8592445]
3909,[0.8761177]
3910,[0.926873]
3911,[0.99373674]
3912,[2.266843]
3913,[2.5931306]
3914,[2.7781372]
3915,[2.8326917]
3916,[2.9533172]
3917,[3.0315723]
3918,[3.0934892]
3919,[3.0987775]
3920,[1.177402]
3921,[1.388233]
3922,[1.2980958]
3923,[1.1312464]
3924,[1.0016788]
3925,[0.930091]
3926,[1.1183825]
3927,[1.2307285]
3928,[1.0661137]
3929,[1.2663138]
3930,[0.5689264]
3931,[0.65305805]
3932,[0.75808096]
3933,[0.82387424]
3934,[0.8754168]
3935,[0.94439906]
3936,[2.2193012]
3937,[2.289865]
3938,[2.4121938]
3939,[2.479665]
3940,[2.6110785]
3941,[2.742297]
3942,[2.847496]
3943,[2.9087203]
3944,[1.2873793]
3945,[1.4535577]
3946,[1.4238547]
3947,[1.2622299]
3948,[1.0974612]
3949,[1.0117992]
3950,[1.2088814]
3951,[1.0270483]
3952,[1.0686526]
3953,[1.1087835]
3954,[0.64521414]
3955,[0.726771]
3956,[0.86971647]
3957,[0.87675154]
3958,[0.9387899]
3959,[1.1791197]
3960,[2.2309017]
3961,[2.3678446]
3962,[2.3825557]
3963,[2.5020652]
3964,[2.5706332]
3965,[3.1455693]
3966,[3.655873]
3967,[3.7585382]
3968,[2.403047]
3969,[2.3452325]
3970,[1.9410949]
3971,[1.8168142]
3972,[1.4964515]
3973,[0.9957621]
3974,[0.6723763]
3975,[0.37275094]
3976,[0.25425115]
3977,[0.3489536]
3978,[0.5491967]
3979,[0.7408094]
3980,[1.03621]
3981,[1.3125966]
3982,[1.3438581]
3983,[1.3790212]
3984,[1.4964027]
3985,[1.4122962]
3986,[1.5860648]
3987,[1.2834774]
3988,[1.3879718]
3989,[1.3848523]
3990,[1.4166337]
3991,[1.5055108]
3992,[1.6240989]
3993,[1.4281392]
3994,[1.2735649]
3995,[1.1743915]
3996,[0.73200876]
3997,[0.67825866]
3998,[0.6112217]
3999,[0.48289472]
4000,[0.62281907]
4001,[0.66675735]
4002,[0.76906586]
4003,[0.90671116]
4004,[1.0238575]
4005,[1.2211819]
4006,[1.3864717]
4007,[1.5377562]
4008,[1.6610527]
4009,[1.5974627]
4010,[1.7219436]
4011,[1.8004093]
4012,[1.9091179]
4013,[2.1042361]
4014,[2.038096]
4015,[2.2947202]
4016,[0.7925515]
4017,[1.0844133]
4018,[1.343352]
4019,[1.2104208]
4020,[1.0038459]
4021,[1.0020866]
4022,[1.3060952]
4023,[2.2648685]
4024,[2.2380729]
4025,[2.0676389]
4026,[0.82409203]
4027,[0.90031433]
4028,[1.0005796]
4029,[1.0346355]
4030,[1.0495842]
4031,[1.1224581]
4032,[2.7987628]
4033,[2.972105]
4034,[3.201869]
4035,[3.1211076]
4036,[3.2040339]
4037,[3.3077986]
4038,[3.3912039]
4039,[3.4359608]
4040,[0.85813653]
4041,[1.1772025]
4042,[1.3109455]
4043,[1.2081335]
4044,[1.0573944]
4045,[1.2259569]
4046,[1.5592659]
4047,[2.1628406]
4048,[2.0923724]
4049,[1.6527824]
4050,[0.74138206]
4051,[0.85614085]
4052,[0.9432005]
4053,[0.9347482]
4054,[0.9420285]
4055,[1.024667]
4056,[2.4450612]
4057,[2.6671882]
4058,[2.7644207]
4059,[2.9087563]
4060,[2.979327]
4061,[3.1088336]
4062,[3.2071314]
4063,[3.2639575]
4064,[1.0473766]
4065,[1.3191462]
4066,[1.3960028]
4067,[1.3432415]
4068,[1.2731087]
4069,[1.364072]
4070,[1.437874]
4071,[1.7458885]
4072,[1.5698099]
4073,[1.2283907]
4074,[0.64391583]
4075,[0.7766453]
4076,[0.9096494]
4077,[0.94744337]
4078,[0.97869617]
4079,[1.0828273]
4080,[2.5718238]
4081,[2.843831]
4082,[2.9209676]
4083,[2.9393892]
4084,[2.9470215]
4085,[3.0029812]
4086,[3.006883]
4087,[3.036158]
4088,[1.2359269]
4089,[1.4837716]
4090,[1.4598373]
4091,[1.3679883]
4092,[1.2555631]
4093,[1.2746884]
4094,[1.4132926]
4095,[1.5494157]
4096,[1.560142]
4097,[1.4169421]
4098,[0.6369563]
4099,[0.72093004]
4100,[0.77614707]
4101,[0.79280376]
4102,[0.8411226]
4103,[0.89529145]
4104,[1.9752588]
4105,[2.2413898]
4106,[2.5037808]
4107,[2.586065]
4108,[2.679878]
4109,[2.8212075]
4110,[2.9320822]
4111,[2.8850431]
4112,[1.4094474]
4113,[1.5715508]
4114,[1.5396366]
4115,[1.426676]
4116,[1.2603599]
4117,[1.2150003]
4118,[1.2700818]
4119,[1.1677165]
4120,[1.0899365]
4121,[1.2210097]
4122,[0.66315466]
4123,[0.70932156]
4124,[0.8090707]
4125,[0.86389637]
4126,[0.92980826]
4127,[1.0124767]
4128,[2.179836]
4129,[2.2982948]
4130,[2.3791742]
4131,[2.4181166]
4132,[2.4703934]
4133,[2.6035793]
4134,[2.739595]
4135,[2.8183956]
4136,[2.111417]
4137,[1.6938515]
4138,[1.7197039]
4139,[1.6232387]
4140,[1.3839569]
4141,[0.96989775]
4142,[0.5724809]
4143,[0.23435444]
4144,[0.20325264]
4145,[0.36056456]
4146,[0.6012727]
4147,[0.793052]
4148,[0.9885929]
4149,[1.288309]
4150,[1.2629457]
4151,[1.3010387]
4152,[1.2176888]
4153,[1.0850841]
4154,[1.093865]
4155,[1.2931526]
4156,[1.4765968]
4157,[1.547602]
4158,[1.6893351]
4159,[1.8817699]
4160,[1.4915793]
4161,[1.1723917]
4162,[0.91736555]
4163,[0.7587768]
4164,[0.57792836]
4165,[0.57236415]
4166,[0.4765677]
4167,[0.29020816]
4168,[0.3866434]
4169,[0.61144626]
4170,[0.7881632]
4171,[0.8678236]
4172,[0.96053255]
4173,[1.1929691]
4174,[1.3240936]
4175,[1.4707468]
4176,[1.5287559]
4177,[1.5356327]
4178,[1.3173567]
4179,[1.5215628]
4180,[1.8057884]
4181,[1.8877909]
4182,[2.0407584]
4183,[2.2283092]
4184,[0.7744899]
4185,[1.0540719]
4186,[1.0655497]
4187,[0.96707106]
4188,[0.8691921]
4189,[0.93101025]
4190,[1.5294513]
4191,[2.3171306]
4192,[1.9945118]
4193,[2.0131474]
4194,[0.8318325]
4195,[0.9081231]
4196,[1.0175526]
4197,[1.0258822]
4198,[1.0658116]
4199,[1.118616]
4200,[2.7313397]
4201,[2.8552403]
4202,[2.9365823]
4203,[3.1759157]
4204,[3.147195]
4205,[3.2867358]
4206,[3.2191663]
4207,[3.3837185]
4208,[0.8759706]
4209,[1.1909161]
4210,[1.3061994]
4211,[1.1945217]
4212,[1.0573944]
4213,[1.2168185]
4214,[1.5671723]
4215,[2.182092]
4216,[2.1229024]
4217,[1.821698]
4218,[0.7926475]
4219,[0.8567324]
4220,[0.94106305]
4221,[0.95083284]
4222,[0.97176]
4223,[1.0359094]
4224,[2.540515]
4225,[2.7532003]
4226,[2.8631158]
4227,[2.6297803]
4228,[2.696187]
4229,[2.971255]
4230,[3.0961785]
4231,[2.9688606]
4232,[1.2643926]
4233,[1.4511292]
4234,[1.4481602]
4235,[1.4240676]
4236,[1.440664]
4237,[1.5812659]
4238,[1.6701458]
4239,[2.0703819]
4240,[1.9491583]
4241,[1.507014]
4242,[0.7238129]
4243,[0.86069745]
4244,[0.98424655]
4245,[0.9869355]
4246,[1.0134573]
4247,[1.1116556]
4248,[1.564368]
4249,[2.1161773]
4250,[2.0684054]
4251,[2.400575]
4252,[2.6535587]
4253,[2.7682848]
4254,[2.862278]
4255,[2.8283505]
4256,[1.3396096]
4257,[1.6221306]
4258,[1.5746223]
4259,[1.4847453]
4260,[1.3818518]
4261,[1.5172392]
4262,[1.8188487]
4263,[1.6881529]
4264,[1.7033393]
4265,[1.4250436]
4266,[0.66013527]
4267,[0.77776647]
4268,[0.88857234]
4269,[0.90114456]
4270,[0.9101559]
4271,[1.0446527]
4272,[2.3038774]
4273,[2.390757]
4274,[2.5146418]
4275,[2.5528195]
4276,[2.5832267]
4277,[2.7084465]
4278,[2.6706123]
4279,[2.6578248]
4280,[1.5004483]
4281,[1.6682508]
4282,[1.4858177]
4283,[1.4482317]
4284,[1.401772]
4285,[1.2381927]
4286,[1.6422507]
4287,[1.4636254]
4288,[1.4370706]
4289,[1.4100311]
4290,[0.6457978]
4291,[0.75742304]
4292,[0.99704427]
4293,[1.0233588]
4294,[1.1051044]
4295,[1.1000533]
4296,[2.0652215]
4297,[2.1419811]
4298,[2.1047406]
4299,[2.1825001]
4300,[2.2148712]
4301,[2.369456]
4302,[2.4923143]
4303,[2.5612755]
4304,[2.158473]
4305,[1.864763]
4306,[1.8622715]
4307,[1.6888614]
4308,[1.3876398]
4309,[1.076862]
4310,[0.8489005]
4311,[0.61179405]
4312,[0.39643702]
4313,[0.40666553]
4314,[0.744443]
4315,[1.0456598]
4316,[1.2713177]
4317,[1.3370589]
4318,[1.4422036]
4319,[0.91651154]
4320,[0.9725231]
4321,[1.0655817]
4322,[1.1403422]
4323,[1.4149543]
4324,[2.1400604]
4325,[1.8206735]
4326,[1.962971]
4327,[2.182816]
4328,[1.5446354]
4329,[1.2500916]
4330,[1.2835932]
4331,[1.1664486]
4332,[0.9340645]
4333,[0.5745264]
4334,[0.6964179]
4335,[0.4705469]
4336,[0.39903018]
4337,[0.5737769]
4338,[0.7560679]
4339,[0.8229208]
4340,[1.0127411]
4341,[1.3365002]
4342,[1.5515077]
4343,[1.9830858]
4344,[2.2059247]
4345,[2.0485122]
4346,[2.469635]
4347,[2.557549]
4348,[2.4163916]
4349,[2.325604]
4350,[2.561905]
4351,[2.5199103]
4352,[0.82378685]
4353,[1.1662021]
4354,[1.168023]
4355,[1.057517]
4356,[0.9342089]
4357,[1.1159418]
4358,[1.769342]
4359,[2.536005]
4360,[2.487773]
4361,[2.2199893]
4362,[0.8073961]
4363,[0.86547464]
4364,[1.0224168]
4365,[1.046823]
4366,[1.0915287]
4367,[1.0723329]
4368,[2.6742356]
4369,[3.0204315]
4370,[3.1140475]
4371,[3.0257597]
4372,[3.148437]
4373,[3.2386572]
4374,[3.2679315]
4375,[3.3619726]
4376,[0.9291999]
4377,[1.2389224]
4378,[1.328194]
4379,[1.2704195]
4380,[1.1584573]
4381,[1.4256793]
4382,[1.6182914]
4383,[2.1327453]
4384,[2.108806]
4385,[1.751482]
4386,[0.7579785]
4387,[0.8427525]
4388,[0.93390477]
4389,[0.95172393]
4390,[0.97378975]
4391,[1.1173942]
4392,[2.6393776]
4393,[2.7941203]
4394,[3.0357447]
4395,[3.0641534]
4396,[3.117765]
4397,[3.2045314]
4398,[3.305723]
4399,[3.3588912]
4400,[1.2219903]
4401,[1.3970848]
4402,[1.4173621]
4403,[1.3979897]
4404,[1.3974538]
4405,[1.5603902]
4406,[1.6838305]
4407,[2.001976]
4408,[1.8668995]
4409,[1.4183812]
4410,[0.7294875]
4411,[0.86161155]
4412,[0.97758234]
4413,[1.0071814]
4414,[1.0188134]
4415,[1.0976069]
4416,[2.6368895]
4417,[2.697866]
4418,[2.8516612]
4419,[2.7829251]
4420,[2.8199399]
4421,[2.9275393]
4422,[3.0399232]
4423,[3.1188369]
4424,[1.2707119]
4425,[1.48738]
4426,[1.4995782]
4427,[1.4067054]
4428,[1.3051175]
4429,[1.4353098]
4430,[1.6679571]
4431,[1.5594921]
4432,[1.4775515]
4433,[1.41446]
4434,[0.6530884]
4435,[0.77497226]
4436,[0.8978921]
4437,[0.9129685]
4438,[0.91812325]
4439,[1.0160975]
4440,[2.2991197]
4441,[2.4449577]
4442,[2.5875933]
4443,[2.5985036]
4444,[2.6237855]
4445,[2.725093]
4446,[2.7586126]
4447,[2.863151]
4448,[1.4703865]
4449,[1.6594291]
4450,[1.6292348]
4451,[1.5682206]
4452,[1.4015684]
4453,[1.3438009]
4454,[1.7309573]
4455,[1.6283586]
4456,[1.420486]
4457,[1.3520513]
4458,[0.6592412]
4459,[0.7473973]
4460,[0.9780235]
4461,[0.9638672]
4462,[1.0090882]
4463,[1.0973929]
4464,[2.202536]
4465,[2.393571]
4466,[2.518158]
4467,[2.5083916]
4468,[2.5530229]
4469,[2.595928]
4470,[2.7436848]
4471,[2.8342333]
4472,[2.1971078]
4473,[1.972038]
4474,[2.0275745]
4475,[1.8728204]
4476,[1.5583482]
4477,[1.1913377]
4478,[0.92274237]
4479,[0.5574164]
4480,[0.4074814]
4481,[0.52900046]
4482,[0.77094513]
4483,[1.1643256]
4484,[1.3479483]
4485,[1.44798]
4486,[1.336091]
4487,[1.1300132]
4488,[0.9135001]
4489,[0.9094083]
4490,[0.9596009]
4491,[1.1652745]
4492,[1.2947991]
4493,[1.5121049]
4494,[1.6699561]
4495,[1.7262037]
4496,[1.1418189]
4497,[0.9408873]
4498,[0.67184603]
4499,[0.6771806]
4500,[0.53117406]
4501,[0.58468324]
4502,[0.5256833]
4503,[0.34930342]
4504,[0.40914813]
4505,[0.80599606]
4506,[0.76714426]
4507,[0.76688164]
4508,[0.835119]
4509,[0.8220437]
4510,[0.83864236]
4511,[0.88104105]
4512,[0.92672324]
4513,[1.0155517]
4514,[1.2869537]
4515,[1.6137174]
4516,[1.8338673]
4517,[2.272448]
4518,[2.350367]
4519,[2.8762918]
4520,[0.8235378]
4521,[1.2437881]
4522,[1.4742346]
4523,[1.1746486]
4524,[1.0564252]
4525,[1.2773792]
4526,[2.1066391]
4527,[2.6644628]
4528,[2.4005585]
4529,[2.1771955]
4530,[0.8903117]
4531,[0.98020405]
4532,[1.1085275]
4533,[1.1471722]
4534,[1.2367524]
4535,[1.3787279]
4536,[3.084254]
4537,[3.3060193]
4538,[3.2884946]
4539,[3.4121304]
4540,[3.4763165]
4541,[3.5566237]
4542,[3.57733]
4543,[3.6505842]
4544,[1.0448198]
4545,[1.3179531]
4546,[1.3996519]
4547,[1.323819]
4548,[1.2568645]
4549,[1.531702]
4550,[1.8164288]
4551,[2.5153894]
4552,[2.345847]
4553,[2.0116212]
4554,[0.84225255]
4555,[0.94489336]
4556,[1.037599]
4557,[1.0428048]
4558,[1.0468825]
4559,[1.1785147]
4560,[2.8012497]
4561,[2.938994]
4562,[3.0513186]
4563,[3.1251483]
4564,[3.1965964]
4565,[3.2976954]
4566,[3.4187295]
4567,[3.5071125]
4568,[1.1423745]
4569,[1.3989638]
4570,[1.5442152]
4571,[1.4833632]
4572,[1.4628186]
4573,[1.5484589]
4574,[1.7621686]
4575,[2.0365934]
4576,[2.0759983]
4577,[1.8537059]
4578,[0.8061765]
4579,[0.8847336]
4580,[0.9803975]
4581,[0.9853104]
4582,[0.9757603]
4583,[1.0301394]
4584,[2.2535877]
4585,[2.53737]
4586,[2.7641287]
4587,[2.9194298]
4588,[2.891535]
4589,[3.067442]
4590,[2.7187982]
4591,[2.8555617]
4592,[1.3085053]
4593,[1.5799581]
4594,[1.5688376]
4595,[1.5468668]
4596,[1.5523341]
4597,[1.5430077]
4598,[1.7292583]
4599,[1.4529727]
4600,[1.5222762]
4601,[1.5396553]
4602,[0.7036326]
4603,[0.74626356]
4604,[0.8254487]
4605,[0.8751647]
4606,[0.87591904]
4607,[1.0345521]
4608,[1.6411483]
4609,[1.8825448]
4610,[2.0202157]
4611,[2.4984026]
4612,[2.3692894]
4613,[2.4594293]
4614,[2.6368024]
4615,[2.7758281]
4616,[1.8555875]
4617,[1.8387141]
4618,[1.8820863]
4619,[1.6867942]
4620,[1.7256861]
4621,[1.3913121]
4622,[1.738797]
4623,[1.5665362]
4624,[1.2952735]
4625,[1.3130835]
4626,[0.65902674]
4627,[0.71495914]
4628,[0.97251666]
4629,[0.9754052]
4630,[0.98169225]
4631,[1.0460011]
4632,[2.0375624]
4633,[2.0829604]
4634,[2.200839]
4635,[2.0551796]
4636,[2.1363392]
4637,[2.2570539]
4638,[2.4954665]
4639,[2.6229453]
4640,[2.1014926]
4641,[1.7274133]
4642,[1.8419808]
4643,[1.822379]
4644,[1.5495045]
4645,[1.1397834]
4646,[0.81922704]
4647,[0.6188327]
4648,[0.53750724]
4649,[0.541517]
4650,[0.69181156]
4651,[0.7417481]
4652,[1.0969282]
4653,[1.1411351]
4654,[1.0351101]
4655,[0.8349396]
4656,[0.78784597]
4657,[0.77188814]
4658,[0.9370642]
4659,[1.2321079]
4660,[1.4237764]
4661,[1.6094103]
4662,[1.9524124]
4663,[2.0687308]
4664,[1.2753687]
4665,[0.9954704]
4666,[0.79718125]
4667,[0.75885105]
4668,[0.6151205]
4669,[0.636274]
4670,[0.6172558]
4671,[0.528295]
4672,[0.49410793]
4673,[0.80178]
4674,[0.77616197]
4675,[0.83019936]
4676,[0.80670553]
4677,[0.7939142]
4678,[0.82452]
4679,[0.88184094]
4680,[0.97762]
4681,[1.0288453]
4682,[1.8052448]
4683,[2.8479917]
4684,[3.012492]
4685,[2.6530418]
4686,[2.918902]
4687,[3.0232053]
4688,[1.0560933]
4689,[1.416074]
4690,[1.435568]
4691,[1.275066]
4692,[1.2260655]
4693,[1.5023735]
4694,[2.2152057]
4695,[2.8997407]
4696,[2.7758274]
4697,[2.3121946]
4698,[0.9949434]
4699,[1.0523858]
4700,[1.1847577]
4701,[1.1865317]
4702,[1.2077327]
4703,[1.3293202]
4704,[3.0662622]
4705,[3.3019645]
4706,[3.082357]
4707,[3.2669387]
4708,[3.344284]
4709,[3.4028246]
4710,[3.4644625]
4711,[3.650878]
4712,[1.2590098]
4713,[1.4381222]
4714,[1.4935513]
4715,[1.4035286]
4716,[1.3732455]
4717,[1.642606]
4718,[1.9595962]
4719,[2.1123462]
4720,[2.3597946]
4721,[1.9901648]
4722,[0.90653193]
4723,[0.96201146]
4724,[1.0674493]
4725,[1.0785705]
4726,[1.0653285]
4727,[1.215055]
4728,[2.7380931]
4729,[3.1139393]
4730,[2.957902]
4731,[3.0663965]
4732,[3.0876224]
4733,[3.2079625]
4734,[3.2881515]
4735,[3.3828926]
4736,[1.2993708]
4737,[1.5023073]
4738,[1.4531138]
4739,[1.4798733]
4740,[1.5128363]
4741,[1.6947057]
4742,[1.9138224]
4743,[2.0180964]
4744,[2.0722518]
4745,[1.8881621]
4746,[0.7619223]
4747,[0.8788088]
4748,[0.9906082]
4749,[1.0243587]
4750,[1.0209258]
4751,[1.1786915]
4752,[2.397238]
4753,[2.752543]
4754,[2.8531775]
4755,[2.623959]
4756,[2.6015363]
4757,[2.7256255]
4758,[2.8669915]
4759,[3.0389643]
4760,[1.2777197]
4761,[1.5301769]
4762,[1.5531921]
4763,[1.747585]
4764,[1.7373506]
4765,[1.9414067]
4766,[2.1150389]
4767,[1.9533741]
4768,[1.7728677]
4769,[1.6054065]
4770,[0.6559546]
4771,[0.64519817]
4772,[0.7423147]
4773,[0.7145034]
4774,[0.83317065]
4775,[1.0033022]
4776,[1.8945484]
4777,[2.0033457]
4778,[2.0847185]
4779,[2.2915382]
4780,[2.3745232]
4781,[2.575656]
4782,[2.718379]
4783,[2.9135098]
4784,[1.4625199]
4785,[1.785209]
4786,[1.8207288]
4787,[1.8076661]
4788,[1.6795503]
4789,[1.7623154]
4790,[1.9586203]
4791,[1.8084567]
4792,[1.5307257]
4793,[1.5056568]
4794,[0.6613214]
4795,[0.60756004]
4796,[0.77658325]
4797,[0.83844364]
4798,[0.9080489]
4799,[0.9980054]
4800,[1.6277401]
4801,[1.7423147]
4802,[1.934418]
4803,[2.0964258]
4804,[2.2768536]
4805,[2.4234147]
4806,[2.6611786]
4807,[3.0321975]
4808,[2.3445797]
4809,[2.2300003]
4810,[2.253056]
4811,[1.9929738]
4812,[1.7680004]
4813,[1.4248211]
4814,[1.1115603]
4815,[0.72627896]
4816,[0.5997547]
4817,[0.5691589]
4818,[0.8093361]
4819,[0.83360976]
4820,[1.255988]
4821,[1.3542991]
4822,[1.215646]
4823,[0.99976873]
4824,[1.1611974]
4825,[1.2435112]
4826,[1.3344755]
4827,[1.6397934]
4828,[1.7904191]
4829,[1.9527915]
4830,[2.1367016]
4831,[2.3266757]
4832,[1.6704396]
4833,[1.3501192]
4834,[1.1094698]
4835,[0.96972513]
4836,[0.80571085]
4837,[0.7365266]
4838,[0.57626706]
4839,[0.36783597]
4840,[0.5222058]
4841,[0.86441004]
4842,[0.9988595]
4843,[0.90510863]
4844,[1.015738]
4845,[1.0029055]
4846,[1.0877092]
4847,[1.3712976]
4848,[1.9439771]
4849,[2.5021381]
4850,[3.2002149]
4851,[3.4261918]
4852,[3.6642494]
4853,[3.6677914]
4854,[3.801928]
4855,[4.176723]
4856,[1.6620481]
4857,[0.7967904]
4858,[0.8112835]
4859,[1.0813615]
4860,[1.8212845]
4861,[2.1445608]
4862,[2.4605746]
4863,[2.7174325]
4864,[3.0497198]
4865,[3.2579222]
4866,[3.5093327]
4867,[3.6677895]
4868,[1.4523592]
4869,[1.6899381]
4870,[1.7173433]
4871,[1.7353206]
4872,[1.787565]
4873,[1.9898474]
4874,[2.061286]
4875,[1.9535625]
4876,[2.347288]
4877,[1.9009326]
4878,[0.69450414]
4879,[0.63363904]
4880,[0.8785797]
4881,[0.8504535]
4882,[0.76563454]
4883,[0.8959782]
4884,[1.8269827]
4885,[2.0035927]
4886,[2.2657132]
4887,[2.4280858]
4888,[2.61326]
4889,[2.818843]
4890,[3.1671228]
4891,[3.3529203]
4892,[1.853739]
4893,[1.7288853]
4894,[2.0936236]
4895,[2.1242032]
4896,[1.9793032]
4897,[1.8051829]
4898,[1.5957491]
4899,[1.4064357]
4900,[0.9611927]
4901,[0.9604937]
4902,[1.0230234]
4903,[1.1121771]
4904,[1.2417827]
4905,[1.383206]
4906,[1.4418586]
4907,[1.5682225]
4908,[1.7081677]
4909,[1.7387202]
4910,[1.8831872]
4911,[2.3223972]
4912,[2.4950562]
4913,[2.4877748]
4914,[2.7618332]
4915,[3.2029123]
4916,[1.3945342]
4917,[1.7147418]
4918,[1.675767]
4919,[1.5826328]
4920,[1.5119493]
4921,[1.6626129]
4922,[2.0385377]
4923,[2.0248997]
4924,[1.8700032]
4925,[1.3707923]
4926,[0.70233643]
4927,[0.78144795]
4928,[0.9096613]
4929,[0.90080345]
4930,[0.90584296]
4931,[1.0151945]
4932,[1.952116]
4933,[1.9844131]
4934,[2.0353236]
4935,[2.0946019]
4936,[2.4131773]
4937,[2.6002526]
4938,[2.741345]
4939,[3.012218]
4940,[2.0034037]
4941,[2.0878358]
4942,[2.2003093]
4943,[1.999383]
4944,[1.7280123]
4945,[1.4118278]
4946,[1.1834764]
4947,[1.0977268]
4948,[0.95791876]
4949,[0.8757063]
4950,[0.8632406]
4951,[1.0389779]
4952,[1.1992201]
4953,[1.4693936]
4954,[1.50261]
4955,[1.5401835]
4956,[1.6928831]
4957,[1.8506935]
4958,[1.9696333]
4959,[2.1223712]
4960,[2.4572845]
4961,[2.577424]
4962,[2.8105488]
4963,[2.9658406]
4964,[1.1812108]
4965,[0.9879824]
4966,[0.77635694]
4967,[0.69225234]
4968,[0.57028127]
4969,[0.785025]
4970,[0.7566498]
4971,[0.8037544]
4972,[0.89213145]
4973,[0.97294885]
4974,[1.1506217]
4975,[1.2394503]
4976,[1.3352764]
4977,[1.3831527]
4978,[1.4668939]
4979,[1.6220936]
4980,[1.7673345]
4981,[2.049769]
4982,[2.3884473]
4983,[2.344088]
4984,[3.0023925]
4985,[2.8038094]
4986,[3.2756755]
4987,[3.761485]
4988,[1.1709876]
4989,[1.4352529]
4990,[1.4320621]
4991,[1.3438752]
4992,[1.4558434]
4993,[1.8209326]
4994,[2.2761078]
4995,[3.0133615]
4996,[2.9229956]
4997,[2.4818797]
4998,[1.0292368]
4999,[0.98951393]
5000,[1.0820936]
5001,[1.0820017]
5002,[1.0823202]
5003,[1.1841618]
5004,[2.784707]
5005,[3.0118155]
5006,[3.1067624]
5007,[3.3268623]
5008,[3.4761877]
5009,[3.614111]
5010,[3.724958]
5011,[3.8340044]
5012,[1.2599738]
5013,[1.5467954]
5014,[1.5865715]
5015,[1.6628673]
5016,[1.6872089]
5017,[1.8665502]
5018,[2.163039]
5019,[2.1766136]
5020,[1.8371143]
5021,[1.7783711]
5022,[0.83018]
5023,[0.85654986]
5024,[0.8569036]
5025,[0.8849764]
5026,[0.86724496]
5027,[1.0559891]
5028,[2.043856]
5029,[2.3051293]
5030,[2.654556]
5031,[2.846602]
5032,[3.0558548]
5033,[3.3741014]
5034,[3.632959]
5035,[3.7282066]
5036,[1.4487109]
5037,[1.6739786]
5038,[1.7105027]
5039,[1.7102394]
5040,[1.8210462]
5041,[2.0228028]
5042,[2.2478385]
5043,[1.9657795]
5044,[2.2959833]
5045,[1.8723996]
5046,[0.78343284]
5047,[0.81635004]
5048,[0.85135955]
5049,[0.85045785]
5050,[0.7722239]
5051,[0.9322489]
5052,[1.895877]
5053,[2.1644468]
5054,[2.2637906]
5055,[2.5002127]
5056,[2.7032752]
5057,[2.8878493]
5058,[3.124229]
5059,[3.37321]
5060,[1.3108959]
5061,[1.5520774]
5062,[1.5670974]
5063,[1.6056806]
5064,[1.8641295]
5065,[2.172416]
5066,[2.1038213]
5067,[2.038188]
5068,[1.6576324]
5069,[0.687519]
5070,[0.7755749]
5071,[0.8607378]
5072,[0.8617582]
5073,[0.7928405]
5074,[0.9955634]
5075,[1.8289795]
5076,[2.0279994]
5077,[2.1802506]
5078,[2.3829203]
5079,[2.5889595]
5080,[2.9342558]
5081,[3.1886446]
5082,[3.3291297]
5083,[1.4405017]
5084,[1.6432099]
5085,[1.6943004]
5086,[1.6394503]
5087,[1.5151117]
5088,[1.6859528]
5089,[2.1125526]
5090,[2.0369723]
5091,[1.8641732]
5092,[1.3473883]
5093,[0.64214176]
5094,[0.690466]
5095,[0.8470035]
5096,[0.89045477]
5097,[0.8982471]
5098,[1.002575]
5099,[1.8855071]
5100,[1.9560976]
5101,[1.93084]
5102,[2.3736224]
5103,[2.60466]
5104,[2.885638]
5105,[3.0973315]
5106,[3.1201148]
5107,[2.5354164]
5108,[2.4574122]
5109,[2.3218822]
5110,[2.174752]
5111,[1.8612312]
5112,[1.7398541]
5113,[1.4799392]
5114,[1.3146542]
5115,[1.0982447]
5116,[1.0824546]
5117,[1.2369161]
5118,[1.2815953]
5119,[1.454636]
5120,[1.4968747]
5121,[1.7212473]
5122,[1.9540415]
5123,[2.158134]
5124,[2.334285]
5125,[2.5679584]
5126,[2.7026086]
5127,[2.7378159]
5128,[2.9460316]
5129,[3.0443473]
5130,[3.126992]
5131,[1.9734792]
5132,[1.6838017]
5133,[1.435391]
5134,[1.0728805]
5135,[0.90684557]
5136,[1.0235279]
5137,[1.186024]
5138,[0.7438998]
5139,[1.0771812]
5140,[1.056862]
5141,[1.3346184]
5142,[1.3599142]
5143,[1.367855]
5144,[1.5741086]
5145,[1.751691]
5146,[1.8991919]
5147,[2.0865917]
5148,[2.4501607]
5149,[2.6931524]
5150,[2.8514817]
5151,[3.3773632]
5152,[3.6681442]
5153,[3.7790585]
5154,[3.8718948]
5155,[1.6103346]
5156,[1.553519]
5157,[1.6222715]
5158,[1.6783518]
5159,[2.3850522]
5160,[2.4177234]
5161,[2.79892]
5162,[2.8293343]
5163,[1.377103]
5164,[1.1216315]
5165,[1.0664092]
5166,[1.0776165]
5167,[1.3007545]
5168,[1.3335233]
5169,[1.3575215]
5170,[2.4198127]
5171,[2.7783241]
5172,[2.9488878]
5173,[3.2640543]
5174,[3.2566235]
5175,[3.3933394]
5176,[3.5843287]
5177,[3.7709205]
5178,[2.7449265]
5179,[2.301052]
5180,[2.4753356]
5181,[2.2117507]
5182,[2.1033683]
5183,[2.0848298]
5184,[1.7996353]
5185,[1.6008241]
5186,[1.6603415]
5187,[1.6762012]
5188,[1.7035179]
5189,[1.6985874]
5190,[1.6539311]
5191,[1.6793544]
5192,[1.8495287]
5193,[1.9132875]
5194,[2.183646]
5195,[2.4763923]
5196,[2.7412977]
5197,[3.0187721]
5198,[3.3015947]
5199,[3.5650663]
5200,[3.7547016]
5201,[1.8412743]
5202,[1.7731454]
5203,[1.837218]
5204,[1.8321955]
5205,[1.9012544]
5206,[2.3613796]
5207,[2.4644985]
5208,[2.9129233]
5209,[2.6505227]
5210,[1.6272293]
5211,[1.3185526]
5212,[1.3722687]
5213,[1.3828225]
5214,[1.3935027]
5215,[1.4286366]
5216,[1.4060302]
5217,[2.2463567]
5218,[2.6846812]
5219,[2.7736864]
5220,[2.747572]
5221,[2.9010599]
5222,[3.0114076]
5223,[3.488868]
5224,[3.571974]
5225,[2.5813823]
5226,[2.4113154]
5227,[2.1607776]
5228,[2.1026206]
5229,[2.0657203]
5230,[2.0736566]
5231,[2.3438385]
5232,[2.351036]
5233,[2.4456453]
5234,[1.1292073]
5235,[1.0283114]
5236,[1.0653113]
5237,[1.0482571]
5238,[1.044896]
5239,[1.1250795]
5240,[1.1721559]
5241,[2.0401752]
5242,[2.1177132]
5243,[2.3000674]
5244,[2.636827]
5245,[2.7440362]
5246,[2.6895213]
5247,[2.8652568]
5248,[3.042952]
5249,[2.1335402]
5250,[1.9971278]
5251,[1.9165903]
5252,[1.8982509]
5253,[1.8302112]
5254,[1.9392715]
5255,[2.2550168]
5256,[2.1318235]
5257,[2.2692637]
5258,[1.7609968]
5259,[1.115474]
5260,[1.1110567]
5261,[1.1236683]
5262,[1.1430908]
5263,[1.1584691]
5264,[1.1722864]
5265,[2.190857]
5266,[2.3443952]
5267,[2.4353576]
5268,[2.4603827]
5269,[2.5625532]
5270,[2.6877196]
5271,[2.8851142]
5272,[3.0294168]
5273,[2.8931994]
5274,[2.7855928]
5275,[2.5773134]
5276,[2.4445596]
5277,[2.0878787]
5278,[1.8997772]
5279,[1.6868778]
5280,[1.4623477]
5281,[1.4145136]
5282,[1.334146]
5283,[1.5125635]
5284,[1.8004974]
5285,[2.0279036]
5286,[2.2221913]
5287,[2.129965]
5288,[2.3401294]
5289,[2.383627]
5290,[2.6890042]
5291,[2.6885881]
5292,[2.8519497]
5293,[3.0065467]
5294,[3.1088805]
5295,[3.3000884]
5296,[3.285602]
5297,[2.3717027]
5298,[1.9644527]
5299,[1.6474766]
5300,[1.2479035]
5301,[1.0239856]
5302,[1.0058725]
5303,[1.2536172]
5304,[0.7773682]
5305,[0.9278781]
5306,[1.0503024]
5307,[1.17747]
5308,[1.3026551]
5309,[1.4402025]
5310,[1.5848513]
5311,[1.7699475]
5312,[2.0032482]
5313,[2.273143]
5314,[2.5792701]
5315,[2.9754426]
5316,[2.9373107]
5317,[3.3606222]
5318,[3.5842524]
5319,[3.8451383]
5320,[3.9712396]
5321,[1.518465]
5322,[1.5390036]
5323,[1.6085676]
5324,[1.7315087]
5325,[2.104373]
5326,[2.2831874]
5327,[2.3842537]
5328,[2.7796931]
5329,[2.799476]
5330,[1.2697393]
5331,[1.1100165]
5332,[1.0604644]
5333,[1.0567881]
5334,[1.0496739]
5335,[1.0180976]
5336,[1.1673613]
5337,[2.3722925]
5338,[2.598847]
5339,[2.754008]
5340,[2.941149]
5341,[3.075087]
5342,[3.327011]
5343,[3.352691]
5344,[3.5381427]
